LINE,FID,Easting,Northing,Elevation,DEM,Latitude,Longitude,SFz[0],SFz[1],SFz[2],SFz[3],SFz[4],SFz[5],SFz[6],SFz[7],SFz[8],SFz[9],SFz[10],SFz[11],SFz[12],SFz[13],SFz[14],SFz[15],SFz[16],SFz[17],SFz[18],SFz[19]
1000,1000,500000,4900000,1450.61,33.96,44.2,-119.4,4.778763e-09,2.391298e-09,1.038743e-09,4.893980e-10,2.266275e-10,9.646604e-11,4.132292e-11,1.682779e-11,7.232187e-12,2.900683e-12,1.127823e-12,4.582289e-13,1.754222e-13,6.534020e-14,2.613384e-14,9.621855e-15,3.884893e-15,1.437542e-15,5.433404e-16,2.027828e-16
1000,1001,500000,4900050,1452.45,34.85,44.2004,-119.4,4.454657e-09,2.232098e-09,1.091971e-09,5.034820e-10,2.242622e-10,9.708381e-11,4.341275e-11,1.686820e-11,6.873164e-12,2.743823e-12,1.138984e-12,4.557959e-13,1.716395e-13,6.513877e-14,2.513211e-14,1.007489e-14,3.861527e-15,1.460650e-15,5.346999e-16,2.082057e-16
1000,1002,500000,4900100,1450.23,35.22,44.2008,-119.4,4.550615e-09,2.236896e-09,1.082486e-09,4.934955e-10,2.213368e-10,9.688415e-11,3.874793e-11,1.681784e-11,6.849734e-12,2.747837e-12,1.105500e-12,4.594009e-13,1.673822e-13,6.863788e-14,2.443139e-14,9.770483e-15,3.791815e-15,1.461253e-15,5.568377e-16,2.115612e-16
1000,1003,500000,4900150,1449.3,34.54,44.2012,-119.4,4.689879e-09,2.268693e-09,1.043858e-09,4.851394e-10,2.169452e-10,9.785911e-11,4.117300e-11,1.750383e-11,6.915258e-12,2.834149e-12,1.142079e-12,4.376536e-13,1.748797e-13,6.558641e-14,2.551788e-14,9.778042e-15,3.644623e-15,1.459165e-15,5.381970e-16,2.069353e-16
1000,1004,500000,4900200,1450.96,35.45,44.2016,-119.4,4.484060e-09,2.198736e-09,1.040610e-09,4.885904e-10,2.073439e-10,9.059378e-11,3.878121e-11,1.642647e-11,7.014644e-12,2.720120e-12,1.100273e-12,4.562067e-13,1.698205e-13,6.811353e-14,2.499077e-14,9.802665e-15,3.663949e-15,1.420785e-15,5.587502e-16,1.958767e-16
1000,1005,500000,4900250,1450.87,35.24,44.202,-119.4,4.355634e-09,2.125598e-09,1.063174e-09,4.846738e-10,2.209653e-10,9.514574e-11,4.246629e-11,1.685875e-11,6.734444e-12,2.816599e-12,1.122058e-12,4.576103e-13,1.761512e-13,6.741445e-14,2.685996e-14,9.517659e-15,3.700970e-15,1.396082e-15,5.388290e-16,1.981085e-16
1000,1006,500000,4900300,1451.27,34.78,44.2024,-119.4,4.313527e-09,2.187197e-09,1.084916e-09,5.105442e-10,2.347888e-10,1.042234e-10,4.129903e-11,1.656947e-11,6.533956e-12,2.835073e-12,1.091044e-12,4.353707e-13,1.690657e-13,6.654078e-14,2.659360e-14,9.928578e-15,3.759326e-15,1.392576e-15,5.181819e-16,2.037491e-16
1000,1007,500000,4900350,1449.89,36.77,44.2028,-119.4,4.154677e-09,2.153865e-09,9.921766e-10,4.543629e-10,2.052003e-10,9.010329e-11,4.196871e-11,1.619490e-11,6.990447e-12,2.683500e-12,1.131123e-12,4.400136e-13,1.695261e-13,6.613133e-14,2.507238e-14,9.951721e-15,3.706508e-15,1.378471e-15,5.228151e-16,2.072216e-16
1000,1008,500000,4900400,1453.16,35.16,44.2032,-119.4,4.418896e-09,2.241045e-09,1.102444e-09,4.957384e-10,2.167284e-10,9.823909e-11,4.104040e-11,1.776303e-11,6.985967e-12,2.698620e-12,1.068949e-12,4.614585e-13,1.807321e-13,6.634113e-14,2.543463e-14,1.030236e-14,3.648072e-15,1.397454e-15,5.557271e-16,2.041967e-16
1000,1009,500000,4900450,1449.99,34.84,44.2036,-119.4,4.558345e-09,2.351185e-09,1.077728e-09,5.076429e-10,2.078948e-10,9.570497e-11,3.975998e-11,1.645201e-11,6.796537e-12,2.784294e-12,1.149046e-12,4.233214e-13,1.723865e-13,6.585241e-14,2.551619e-14,1.017930e-14,3.838281e-15,1.494895e-15,5.430639e-16,2.024487e-16
1000,1010,500000,4900500,1449.55,35.24,44.204,-119.4,4.458171e-09,2.149707e-09,1.063758e-09,4.958691e-10,2.360061e-10,1.004371e-10,3.948203e-11,1.683428e-11,6.642745e-12,2.751885e-12,1.125256e-12,4.555877e-13,1.680872e-13,6.539140e-14,2.407290e-14,9.821475e-15,3.653124e-15,1.413191e-15,5.308627e-16,2.060586e-16
1000,1011,500000,4900550,1446.48,33.53,44.2044,-119.4,5.082773e-09,2.279013e-09,1.084694e-09,5.449544e-10,2.483727e-10,9.491307e-11,4.123252e-11,1.757010e-11,7.455404e-12,2.764102e-12,1.121852e-12,4.551033e-13,1.757404e-13,6.646495e-14,2.579307e-14,9.513124e-15,3.762971e-15,1.429726e-15,5.506666e-16,2.037144e-16
1000,1012,500000,4900600,1450.94,36.01,44.2048,-119.4,4.303504e-09,2.178674e-09,1.035307e-09,4.816643e-10,2.106698e-10,9.446993e-11,3.986356e-11,1.784553e-11,7.207876e-12,2.811951e-12,1.082156e-12,4.227340e-13,1.771978e-13,6.697964e-14,2.602195e-14,9.329673e-15,3.870355e-15,1.453084e-15,5.262937e-16,2.034786e-16
1000,1013,500000,4900650,1450.53,35.05,44.2052,-119.4,4.414979e-09,2.223494e-09,1.056295e-09,4.961318e-10,2.296626e-10,8.793714e-11,4.029879e-11,1.709460e-11,7.017690e-12,2.772977e-12,1.056810e-12,4.443065e-13,1.808515e-13,6.366031e-14,2.640724e-14,9.775429e-15,3.767425e-15,1.390938e-15,5.398303e-16,2.147342e-16
1000,1014,500000,4900700,1451.17,36.73,44.2056,-119.4,4.303117e-09,2.127690e-09,1.063388e-09,4.786357e-10,2.170768e-10,9.146889e-11,3.959444e-11,1.627942e-11,7.029564e-12,2.663303e-12,1.127107e-12,4.327920e-13,1.764092e-13,6.773487e-14,2.698187e-14,1.003874e-14,3.581503e-15,1.428520e-15,5.246358e-16,2.029788e-16
1000,1015,500000,4900750,1453.02,35.64,44.206,-119.4,4.266937e-09,2.122100e-09,1.048193e-09,4.692688e-10,2.129943e-10,9.521182e-11,4.164366e-11,1.719397e-11,6.439947e-12,2.816109e-12,1.113499e-12,4.439483e-13,1.797783e-13,6.245696e-14,2.523581e-14,1.003202e-14,3.590631e-15,1.498299e-15,5.508379e-16,2.117656e-16
1000,1016,500000,4900800,1448.86,35.81,44.2064,-119.4,4.459230e-09,2.187394e-09,1.047701e-09,4.882730e-10,2.107446e-10,9.353843e-11,3.993064e-11,1.703195e-11,7.106060e-12,2.696748e-12,1.105142e-12,4.573782e-13,1.674536e-13,6.487603e-14,2.582772e-14,1.010065e-14,3.768826e-15,1.491333e-15,5.586226e-16,2.116734e-16
1000,1017,500000,4900850,1451.11,37.33,44.2068,-119.4,4.025911e-09,1.930060e-09,1.038877e-09,4.582734e-10,2.095319e-10,9.478272e-11,3.724177e-11,1.586924e-11,6.453565e-12,2.679446e-12,1.110391e-12,4.403536e-13,1.712627e-13,6.326080e-14,2.375729e-14,9.820937e-15,3.699828e-15,1.449262e-15,5.546147e-16,2.068564e-16
1000,1018,500000,4900900,1451.52,35.23,44.2072,-119.4,4.505200e-09,2.175018e-09,1.055162e-09,4.954043e-10,2.248351e-10,9.396026e-11,4.115273e-11,1.684526e-11,6.923276e-12,2.871249e-12,1.048051e-12,4.225809e-13,1.642047e-13,6.203076e-14,2.520686e-14,1.009154e-14,3.741142e-15,1.444520e-15,5.630201e-16,2.148737e-16
1000,1019,500000,4900950,1449.86,36.35,44.2076,-119.4,4.221906e-09,2.070415e-09,1.002165e-09,4.551943e-10,2.076302e-10,9.184371e-11,4.067133e-11,1.755925e-11,6.566794e-12,2.801602e-12,1.069472e-12,4.423689e-13,1.700336e-13,6.269038e-14,2.632688e-14,9.654147e-15,3.701439e-15,1.386348e-15,5.333651e-16,2.089240e-16
1000,1020,500000,4901000,1449.62,35.33,44.208,-119.4,4.463383e-09,2.301305e-09,1.046556e-09,4.693673e-10,2.259247e-10,9.395042e-11,4.180398e-11,1.715188e-11,6.912337e-12,2.828086e-12,1.178991e-12,4.667650e-13,1.721080e-13,6.699012e-14,2.655110e-14,9.616234e-15,3.810109e-15,1.434577e-15,5.502412e-16,2.014468e-16
1000,1021,500000,4901050,1446.82,32.93,44.2084,-119.4,4.741665e-09,2.392434e-09,1.133945e-09,5.558172e-10,2.394419e-10,9.668882e-11,4.255629e-11,1.732560e-11,7.077146e-12,2.881133e-12,1.156782e-12,4.419860e-13,1.796132e-13,6.510004e-14,2.596109e-14,1.071581e-14,3.821360e-15,1.505151e-15,5.489466e-16,2.109639e-16
1000,1022,500000,4901100,1449.89,34.83,44.2088,-119.4,4.407118e-09,2.285051e-09,1.047350e-09,5.079663e-10,2.287317e-10,9.689896e-11,4.044159e-11,1.730897e-11,6.915794e-12,2.891421e-12,1.056875e-12,4.364255e-13,1.619420e-13,6.382589e-14,2.682389e-14,1.014741e-14,3.695772e-15,1.372447e-15,4.970700e-16,2.033944e-16
1000,1023,500000,4901150,1454.84,35.43,44.2092,-119.4,4.322501e-09,2.236020e-09,1.004637e-09,4.853932e-10,2.190511e-10,9.446063e-11,4.134174e-11,1.710814e-11,7.070488e-12,2.738331e-12,1.142874e-12,4.605499e-13,1.666592e-13,6.486445e-14,2.674122e-14,9.806836e-15,3.930270e-15,1.416328e-15,5.688014e-16,2.073966e-16
1000,1024,500000,4901200,1450.52,36.56,44.2096,-119.4,4.128899e-09,2.048391e-09,1.000145e-09,4.801509e-10,2.023405e-10,9.424167e-11,3.894179e-11,1.722394e-11,6.343938e-12,2.698374e-12,1.046388e-12,4.247769e-13,1.717825e-13,6.591674e-14,2.539961e-14,9.779528e-15,3.782685e-15,1.388384e-15,5.553834e-16,2.103147e-16
1000,1025,500000,4901250,1450.77,35.56,44.21,-119.4,4.397078e-09,2.322283e-09,1.044428e-09,4.825575e-10,2.124570e-10,9.140771e-11,3.874602e-11,1.643536e-11,6.900632e-12,2.818615e-12,1.112803e-12,4.284328e-13,1.760951e-13,6.805480e-14,2.556835e-14,9.664197e-15,3.831504e-15,1.442860e-15,5.211483e-16,2.060993e-16
1000,1026,500000,4901300,1450.52,34.1,44.2104,-119.4,4.679562e-09,2.215701e-09,1.143791e-09,5.268822e-10,2.235200e-10,9.825507e-11,3.829026e-11,1.664719e-11,6.975992e-12,2.740693e-12,1.148785e-12,4.694826e-13,1.667967e-13,6.535407e-14,2.602059e-14,1.038242e-14,3.645391e-15,1.450143e-15,5.761210e-16,1.967243e-16
1000,1027,500000,4901350,1447.44,34.58,44.2108,-119.4,4.481145e-09,2.328544e-09,1.089696e-09,4.741444e-10,2.260125e-10,9.456129e-11,4.249390e-11,1.680208e-11,6.863202e-12,2.863728e-12,1.145769e-12,4.473912e-13,1.637009e-13,6.796404e-14,2.498886e-14,9.958011e-15,3.617840e-15,1.457099e-15,5.325801e-16,1.988686e-16
1000,1028,500000,4901400,1451.43,35.24,44.2112,-119.4,4.352996e-09,2.318727e-09,1.046854e-09,4.929714e-10,2.212038e-10,9.331580e-11,4.109191e-11,1.670893e-11,6.861976e-12,2.916056e-12,1.079903e-12,4.078563e-13,1.801509e-13,7.180158e-14,2.541758e-14,9.296162e-15,3.738244e-15,1.423669e-15,5.420983e-16,1.997408e-16
1000,1029,500000,4901450,1451.16,35.52,44.2116,-119.4,4.181021e-09,2.243020e-09,1.115267e-09,4.909204e-10,2.156794e-10,9.411419e-11,4.106025e-11,1.603137e-11,6.957543e-12,2.760628e-12,1.173641e-12,4.365050e-13,1.801441e-13,6.440296e-14,2.615394e-14,9.954847e-15,3.672160e-15,1.442714e-15,5.647356e-16,2.045447e-16
1000,1030,500000,4901500,1446.62,34.98,44.212,-119.4,4.352350e-09,2.215890e-09,1.065202e-09,4.699087e-10,2.097872e-10,9.684392e-11,4.001774e-11,1.571825e-11,7.128054e-12,2.829938e-12,1.092597e-12,4.228797e-13,1.763507e-13,6.746135e-14,2.759051e-14,1.000032e-14,3.819258e-15,1.429420e-15,5.587628e-16,2.105805e-16
1000,1031,500000,4901550,1452.5,34.48,44.2124,-119.4,2.176646e-09,1.495254e-09,1.097993e-09,7.947258e-10,5.223209e-10,3.559325e-10,2.413940e-10,1.523912e-10,9.734336e-11,5.279509e-11,3.240183e-11,1.839980e-11,9.213173e-12,4.555846e-12,1.933064e-12,7.497687e-13,2.673746e-13,8.036459e-14,2.278423e-14,6.442970e-15
1000,1032,500000,4901600,1452.1,34.02,44.2128,-119.4,2.210894e-09,1.589291e-09,1.097012e-09,7.975748e-10,5.439785e-10,3.777499e-10,2.374168e-10,1.569783e-10,9.601665e-11,5.559208e-11,3.220336e-11,1.951271e-11,9.920544e-12,4.594618e-12,1.998492e-12,7.850127e-13,2.422685e-13,7.762518e-14,2.292639e-14,6.751155e-15
1000,1033,500000,4901650,1450.57,35.77,44.2132,-119.4,1.971417e-09,1.357823e-09,1.008392e-09,7.084290e-10,5.020086e-10,3.354477e-10,2.265080e-10,1.455184e-10,9.179505e-11,5.523817e-11,3.026976e-11,1.692018e-11,9.877740e-12,4.730864e-12,1.885580e-12,7.001378e-13,2.560826e-13,8.238701e-14,2.459429e-14,6.518098e-15
1000,1034,500000,4901700,1449.26,34.11,44.2136,-119.4,2.260051e-09,1.539804e-09,1.064465e-09,8.257630e-10,5.702302e-10,3.805948e-10,2.370983e-10,1.603348e-10,9.807241e-11,5.824247e-11,3.493726e-11,1.942690e-11,1.022327e-11,4.820616e-12,2.021390e-12,7.177382e-13,2.604483e-13,7.985623e-14,2.266081e-14,6.791096e-15
1000,1035,500000,4901750,1453.46,36.36,44.214,-119.4,1.985688e-09,1.411752e-09,9.619432e-10,6.883004e-10,4.627001e-10,3.311672e-10,2.186988e-10,1.355123e-10,8.739450e-11,5.261817e-11,3.287147e-11,1.830977e-11,9.452367e-12,4.546143e-12,1.928446e-12,7.312082e-13,2.455271e-13,7.941636e-14,2.273487e-14,6.162305e-15
1000,1036,500000,4901800,1451.02,35.39,44.2144,-119.4,1.978057e-09,1.433064e-09,1.048527e-09,7.460762e-10,5.200740e-10,3.446802e-10,2.231743e-10,1.426467e-10,9.213004e-11,5.536546e-11,3.348709e-11,1.896069e-11,9.646144e-12,4.433727e-12,1.939351e-12,7.502815e-13,2.548137e-13,7.900348e-14,2.356711e-14,6.332315e-15
1000,1037,500000,4901850,1448.74,35.31,44.2148,-119.4,2.077173e-09,1.457443e-09,1.032384e-09,7.022881e-10,4.999346e-10,3.609642e-10,2.220606e-10,1.386969e-10,8.644903e-11,5.499540e-11,3.237949e-11,1.834341e-11,1.006213e-11,4.245021e-12,1.984649e-12,7.813698e-13,2.479471e-13,7.954281e-14,2.287454e-14,6.259656e-15
1000,1038,500000,4901900,1449.35,36.43,44.2152,-119.4,2.079223e-09,1.343103e-09,1.016552e-09,6.848684e-10,5.035620e-10,3.263535e-10,2.191617e-10,1.425696e-10,9.587618e-11,5.409135e-11,3.052774e-11,1.834977e-11,9.346553e-12,4.446165e-12,1.978387e-12,7.363727e-13,2.558884e-13,7.981135e-14,2.349022e-14,6.484083e-15
1000,1039,500000,4901950,1446.13,35.67,44.2156,-119.4,1.992823e-09,1.352107e-09,9.989823e-10,7.129198e-10,4.861888e-10,3.475167e-10,2.166221e-10,1.437022e-10,8.849018e-11,5.405795e-11,3.218881e-11,1.764581e-11,9.822079e-12,4.586098e-12,1.837781e-12,6.988595e-13,2.554900e-13,7.967915e-14,2.327684e-14,6.415997e-15
1000,1040,500000,4902000,1450.45,35.95,44.216,-119.4,1.961606e-09,1.347715e-09,9.569037e-10,7.093799e-10,5.096025e-10,3.312978e-10,2.067844e-10,1.368172e-10,8.710273e-11,5.283315e-11,3.132194e-11,1.811186e-11,9.476509e-12,4.702277e-12,1.902531e-12,7.213786e-13,2.587281e-13,7.639733e-14,2.359507e-14,6.435712e-15
1000,1041,500000,4902050,1449.71,36.59,44.2164,-119.4,1.911378e-09,1.424053e-09,9.443332e-10,6.507377e-10,4.743584e-10,3.135321e-10,2.113653e-10,1.414463e-10,8.826591e-11,5.137815e-11,3.190186e-11,1.834450e-11,9.808023e-12,4.565478e-12,1.998041e-12,6.923561e-13,2.508361e-13,7.758285e-14,2.331174e-14,6.287394e-15
1000,1042,500000,4902100,1449.67,36.88,44.2168,-119.4,1.904309e-09,1.334509e-09,9.282835e-10,6.671459e-10,4.660297e-10,3.234463e-10,2.206480e-10,1.447607e-10,8.656351e-11,5.269418e-11,2.961967e-11,1.753003e-11,9.597279e-12,4.582766e-12,1.922153e-12,7.503108e-13,2.561967e-13,8.233198e-14,2.338991e-14,6.320802e-15
1000,1043,500000,4902150,1450.67,32.07,44.2172,-119.4,2.583716e-09,1.562658e-09,1.172484e-09,8.846181e-10,6.130392e-10,3.944584e-10,2.633252e-10,1.783538e-10,1.031374e-10,6.619434e-11,3.603016e-11,2.046636e-11,1.102296e-11,4.949281e-12,2.006835e-12,7.761100e-13,2.648965e-13,7.910609e-14,2.365649e-14,6.374654e-15
1000,1044,500000,4902200,1451.85,35.03,44.2176,-119.4,2.122250e-09,1.468002e-09,1.048848e-09,7.531330e-10,5.000406e-10,3.404060e-10,2.411645e-10,1.482498e-10,8.876235e-11,5.630735e-11,3.312904e-11,1.771684e-11,9.848037e-12,4.746024e-12,1.993298e-12,7.635692e-13,2.465726e-13,8.144764e-14,2.323079e-14,6.347105e-15
1000,1045,500000,4902250,1451.74,36.48,44.218,-119.4,2.064588e-09,1.402147e-09,9.530126e-10,6.875864e-10,4.868185e-10,3.268099e-10,2.181221e-10,1.438704e-10,8.701798e-11,5.139970e-11,3.070004e-11,1.811818e-11,9.426805e-12,4.549233e-12,1.961357e-12,7.264593e-13,2.592608e-13,8.062225e-14,2.238103e-14,6.676672e-15
1000,1046,500000,4902300,1449.0,33.34,44.2184,-119.4,2.297562e-09,1.580570e-09,1.152670e-09,8.075835e-10,5.597579e-10,3.908220e-10,2.561511e-10,1.636559e-10,1.007187e-10,6.034115e-11,3.240705e-11,1.930253e-11,9.534989e-12,4.814120e-12,2.027571e-12,7.904185e-13,2.712663e-13,8.221428e-14,2.331931e-14,6.581223e-15
1000,1047,500000,4902350,1448.94,35.0,44.2188,-119.4,2.203731e-09,1.448050e-09,1.067056e-09,7.544770e-10,5.007353e-10,3.616523e-10,2.383206e-10,1.505656e-10,9.058262e-11,5.413519e-11,3.214778e-11,1.887185e-11,9.500302e-12,4.704501e-12,1.897728e-12,7.447741e-13,2.582638e-13,8.656247e-14,2.247495e-14,6.724796e-15
1000,1048,500000,4902400,1450.3,35.41,44.2192,-119.4,2.097509e-09,1.457548e-09,1.013421e-09,7.546411e-10,4.976372e-10,3.559724e-10,2.245528e-10,1.471736e-10,8.825485e-11,5.548985e-11,3.363971e-11,1.831239e-11,9.627359e-12,4.451632e-12,1.944627e-12,7.098044e-13,2.493470e-13,8.094430e-14,2.431520e-14,6.971378e-15
1000,1049,500000,4902450,1448.83,36.44,44.2196,-119.4,1.985011e-09,1.350620e-09,9.740749e-10,6.854090e-10,4.799777e-10,3.232604e-10,2.091470e-10,1.344928e-10,8.924427e-11,5.230650e-11,3.063177e-11,1.783596e-11,9.674465e-12,4.536881e-12,1.887987e-12,7.627517e-13,2.657900e-13,8.096151e-14,2.393468e-14,6.641006e-15
1000,1050,500000,4902500,1452.26,35.61,44.22,-119.4,4.436555e-09,2.222781e-09,1.012691e-09,4.972829e-10,2.085294e-10,9.208026e-11,4.182267e-11,1.731122e-11,7.223870e-12,2.767884e-12,1.072691e-12,4.353405e-13,1.719894e-13,6.673571e-14,2.656517e-14,9.750442e-15,3.809295e-15,1.392216e-15,5.521775e-16,2.065398e-16
1000,1051,500000,4902550,1448.5,34.76,44.2204,-119.4,4.487710e-09,2.237646e-09,1.131923e-09,4.965512e-10,2.198985e-10,8.981414e-11,3.969760e-11,1.694163e-11,6.836807e-12,2.929066e-12,1.112785e-12,4.579050e-13,1.725471e-13,6.689765e-14,2.570086e-14,9.883145e-15,3.972075e-15,1.337216e-15,5.128319e-16,2.033964e-16
1000,1052,500000,4902600,1450.03,35.69,44.2208,-119.4,4.401067e-09,2.155287e-09,1.075677e-09,5.007031e-10,2.180562e-10,9.686012e-11,4.051002e-11,1.657789e-11,7.051802e-12,2.797161e-12,1.110244e-12,4.575733e-13,1.587693e-13,6.371709e-14,2.476708e-14,9.746800e-15,3.739725e-15,1.369596e-15,5.286214e-16,2.011573e-16
1000,1053,500000,4902650,1454.91,36.8,44.2212,-119.4,4.087382e-09,2.069363e-09,9.725377e-10,4.441419e-10,2.105778e-10,8.934996e-11,3.934927e-11,1.580696e-11,6.663044e-12,2.770513e-12,1.112460e-12,4.404380e-13,1.635791e-13,6.791002e-14,2.496081e-14,1.000675e-14,3.756600e-15,1.371997e-15,5.385008e-16,2.084139e-16
1000,1054,500000,4902700,1451.23,34.86,44.2216,-119.4,4.699469e-09,2.315315e-09,1.063056e-09,5.078100e-10,2.338165e-10,1.012798e-10,3.922327e-11,1.657842e-11,7.282849e-12,2.720537e-12,1.073078e-12,4.341422e-13,1.743026e-13,6.658715e-14,2.525698e-14,9.679108e-15,3.695624e-15,1.399009e-15,5.828343e-16,2.085802e-16
1000,1055,500000,4902750,1451.77,34.51,44.222,-119.4,4.546687e-09,2.232943e-09,9.990517e-10,4.814523e-10,2.109807e-10,8.991321e-11,3.952761e-11,1.783024e-11,6.995707e-12,2.929943e-12,1.134862e-12,4.521242e-13,1.678531e-13,6.796701e-14,2.636287e-14,9.720204e-15,3.843695e-15,1.462583e-15,5.368844e-16,1.998902e-16
1000,1056,500000,4902800,1447.63,35.09,44.2224,-119.4,4.497714e-09,2.177389e-09,1.065189e-09,5.023246e-10,2.240320e-10,9.970872e-11,4.214205e-11,1.649376e-11,7.307250e-12,2.759595e-12,1.150574e-12,4.408746e-13,1.698155e-13,6.311211e-14,2.560770e-14,9.410871e-15,3.883897e-15,1.501664e-15,5.322650e-16,2.085459e-16
1000,1057,500000,4902850,1448.55,34.37,44.2228,-119.4,4.698953e-09,2.287838e-09,1.145785e-09,4.963347e-10,2.303331e-10,9.689624e-11,4.204713e-11,1.694239e-11,7.002845e-12,2.813705e-12,1.093808e-12,4.508303e-13,1.759788e-13,6.813804e-14,2.699868e-14,1.032463e-14,3.738687e-15,1.454562e-15,5.357671e-16,2.070335e-16
1000,1058,500000,4902900,1448.8,36.62,44.2232,-119.4,4.219746e-09,2.094118e-09,1.050089e-09,4.428744e-10,1.994848e-10,9.468101e-11,3.965335e-11,1.677569e-11,6.562900e-12,2.761660e-12,1.168395e-12,4.463434e-13,1.713837e-13,6.540015e-14,2.529119e-14,9.198781e-15,3.788804e-15,1.468016e-15,5.181438e-16,2.021233e-16
1000,1059,500000,4902950,1447.69,34.03,44.2236,-119.4,4.681043e-09,2.180246e-09,1.123653e-09,5.208117e-10,2.240610e-10,9.014212e-11,4.010789e-11,1.790850e-11,6.459055e-12,2.804991e-12,1.085747e-12,4.539383e-13,1.694922e-13,6.788195e-14,2.628638e-14,1.045258e-14,3.762097e-15,1.455940e-15,5.220288e-16,2.144045e-16
1000,1060,500000,4903000,1448.48,34.44,44.224,-119.4,4.589187e-09,2.183093e-09,1.096427e-09,5.182377e-10,2.255939e-10,9.200860e-11,4.091420e-11,1.755503e-11,6.618147e-12,2.732451e-12,1.151452e-12,4.456320e-13,1.747449e-13,7.068053e-14,2.617145e-14,1.008970e-14,4.088717e-15,1.429237e-15,5.329125e-16,2.095437e-16
1000,1061,500000,4903050,1450.88,34.47,44.2244,-119.4,4.430584e-09,2.439905e-09,1.096039e-09,4.911811e-10,2.292294e-10,9.610529e-11,4.068679e-11,1.743787e-11,6.733555e-12,2.850573e-12,1.185375e-12,4.479313e-13,1.705686e-13,6.589721e-14,2.548128e-14,9.815957e-15,3.737394e-15,1.477689e-15,5.175002e-16,2.122071e-16
1000,1062,500000,4903100,1449.24,35.38,44.2248,-119.4,4.247665e-09,2.293150e-09,1.093381e-09,5.038608e-10,2.084747e-10,9.706092e-11,4.087416e-11,1.611760e-11,6.926461e-12,2.826652e-12,1.131464e-12,4.414273e-13,1.731549e-13,6.958512e-14,2.665657e-14,9.015083e-15,3.735522e-15,1.428294e-15,5.163635e-16,2.071654e-16
1000,1063,500000,4903150,1452.5,33.91,44.2252,-119.4,4.741510e-09,2.270431e-09,1.084635e-09,5.333600e-10,2.226153e-10,9.893833e-11,3.908855e-11,1.826031e-11,7.182119e-12,2.821780e-12,1.145957e-12,4.247785e-13,1.792328e-13,6.644783e-14,2.569942e-14,9.763779e-15,3.720170e-15,1.470017e-15,5.506632e-16,2.110906e-16
1000,1064,500000,4903200,1449.98,35.51,44.2256,-119.4,4.322260e-09,2.343895e-09,1.001156e-09,5.068761e-10,2.268257e-10,9.210054e-11,4.301237e-11,1.741430e-11,7.125106e-12,2.795698e-12,1.104751e-12,4.360411e-13,1.735698e-13,6.940845e-14,2.584095e-14,9.590750e-15,3.863715e-15,1.474734e-15,5.556161e-16,2.111706e-16
1000,1065,500000,4903250,1449.46,34.07,44.226,-119.4,4.531869e-09,2.203146e-09,1.107526e-09,5.065970e-10,2.222533e-10,8.857712e-11,3.972983e-11,1.782532e-11,6.897691e-12,2.862408e-12,1.077758e-12,4.620599e-13,1.721527e-13,6.762165e-14,2.764090e-14,1.035429e-14,3.749358e-15,1.413773e-15,5.409381e-16,2.101470e-16
1000,1066,500000,4903300,1449.79,34.6,44.2264,-119.4,4.752609e-09,2.265341e-09,1.156487e-09,5.021754e-10,2.344919e-10,9.726010e-11,4.211143e-11,1.675224e-11,6.817622e-12,2.856844e-12,1.153351e-12,4.419898e-13,1.657658e-13,6.415505e-14,2.468494e-14,9.363859e-15,3.791673e-15,1.486376e-15,5.455673e-16,1.928016e-16
1000,1067,500000,4903350,1449.62,34.84,44.2268,-119.4,4.796399e-09,2.157313e-09,1.062210e-09,5.235086e-10,2.245097e-10,9.746477e-11,4.093212e-11,1.724543e-11,7.143275e-12,2.744185e-12,1.147777e-12,4.227049e-13,1.739249e-13,6.718134e-14,2.529306e-14,9.875294e-15,3.706757e-15,1.391022e-15,5.398049e-16,1.999177e-16
1000,1068,500000,4903400,1450.65,33.85,44.2272,-119.4,4.815541e-09,2.260446e-09,1.091722e-09,5.025618e-10,2.358549e-10,9.874970e-11,4.121959e-11,1.757759e-11,6.616386e-12,2.836414e-12,1.194981e-12,4.455982e-13,1.735413e-13,6.823476e-14,2.656256e-14,9.319027e-15,3.595970e-15,1.449403e-15,5.348435e-16,2.152238e-16
1000,1069,500000,4903450,1449.37,33.07,44.2276,-119.4,4.677843e-09,2.208658e-09,1.128497e-09,5.193851e-10,2.277123e-10,1.023728e-10,4.348436e-11,1.740093e-11,6.665204e-12,2.912555e-12,1.152734e-12,4.500692e-13,1.789837e-13,6.499391e-14,2.749943e-14,9.648902e-15,3.879263e-15,1.369464e-15,5.319756e-16,2.167191e-16
1000,1070,500000,4903500,1449.48,35.84,44.228,-119.4,4.351447e-09,2.165379e-09,1.082953e-09,4.809061e-10,2.047903e-10,9.169022e-11,4.077751e-11,1.703807e-11,6.574783e-12,2.724672e-12,1.089943e-12,4.331143e-13,1.642045e-13,6.526292e-14,2.511077e-14,1.007912e-14,3.858986e-15,1.427881e-15,5.382183e-16,2.073260e-16
1000,1071,500000,4903550,1448.37,33.85,44.2284,-119.4,4.561730e-09,2.290112e-09,1.068311e-09,5.132068e-10,2.312527e-10,9.293886e-11,4.144457e-11,1.717999e-11,7.126852e-12,2.836213e-12,1.077381e-12,4.267402e-13,1.732450e-13,6.917094e-14,2.414010e-14,1.001273e-14,3.921244e-15,1.433397e-15,5.554879e-16,2.026755e-16
1000,1072,500000,4903600,1449.76,33.38,44.2288,-119.4,4.461236e-09,2.446977e-09,1.092045e-09,5.108677e-10,2.194812e-10,9.439865e-11,4.154561e-11,1.703524e-11,7.176628e-12,2.889927e-12,1.141972e-12,4.482168e-13,1.817901e-13,6.510046e-14,2.586419e-14,1.026278e-14,3.934852e-15,1.380067e-15,5.418299e-16,2.156386e-16
1000,1073,500000,4903650,1451.02,35.2,44.2292,-119.4,4.405719e-09,2.196408e-09,1.070051e-09,4.887682e-10,2.191532e-10,9.530761e-11,3.969496e-11,1.725176e-11,7.555201e-12,2.652183e-12,1.125537e-12,4.296547e-13,1.748227e-13,6.679351e-14,2.631850e-14,1.021769e-14,3.795174e-15,1.484768e-15,5.068611e-16,2.165027e-16
1000,1074,500000,4903700,1450.75,36.08,44.2296,-119.4,4.108987e-09,2.094300e-09,1.034826e-09,4.800832e-10,2.166489e-10,9.643427e-11,3.779979e-11,1.725747e-11,6.876654e-12,2.760091e-12,1.057775e-12,4.436311e-13,1.586057e-13,6.771740e-14,2.449487e-14,9.857634e-15,3.751152e-15,1.483521e-15,5.414162e-16,2.020702e-16
1000,1075,500000,4903750,1448.99,36.27,44.23,-119.4,4.296474e-09,2.107091e-09,1.016404e-09,4.552153e-10,2.163078e-10,8.811412e-11,4.067751e-11,1.678521e-11,7.350038e-12,2.680190e-12,1.101423e-12,4.599959e-13,1.769043e-13,6.497825e-14,2.579545e-14,9.836279e-15,3.794490e-15,1.402592e-15,5.426823e-16,1.964160e-16
1000,1076,500000,4903800,1450.27,35.45,44.2304,-119.4,4.347399e-09,2.090492e-09,1.081728e-09,4.937418e-10,2.131388e-10,9.372120e-11,3.850107e-11,1.638914e-11,6.811694e-12,2.896292e-12,1.090664e-12,4.472255e-13,1.687892e-13,6.710398e-14,2.559212e-14,1.011862e-14,3.709967e-15,1.367376e-15,5.223228e-16,2.032553e-16
1000,1077,500000,4903850,1447.5,35.41,44.2308,-119.4,4.334873e-09,2.362349e-09,9.990483e-10,4.927537e-10,2.110090e-10,9.330342e-11,4.055500e-11,1.575179e-11,6.980760e-12,2.955694e-12,1.097759e-12,4.425147e-13,1.769331e-13,6.631134e-14,2.526279e-14,9.190056e-15,3.843961e-15,1.430511e-15,5.284532e-16,2.073663e-16
1000,1078,500000,4903900,1448.83,34.47,44.2312,-119.4,4.655356e-09,2.190171e-09,1.119499e-09,4.811559e-10,2.186637e-10,1.019834e-10,4.238439e-11,1.719882e-11,6.807392e-12,2.775945e-12,1.123504e-12,4.422506e-13,1.720454e-13,6.685331e-14,2.563295e-14,9.463426e-15,3.721664e-15,1.477616e-15,5.234756e-16,2.056815e-16
1000,1079,500000,4903950,1448.36,35.11,44.2316,-119.4,4.402090e-09,2.329275e-09,1.080516e-09,4.744356e-10,2.243820e-10,9.305904e-11,3.988462e-11,1.716464e-11,6.853306e-12,2.879379e-12,1.089683e-12,4.318075e-13,1.685557e-13,6.559862e-14,2.658898e-14,1.005897e-14,3.967987e-15,1.534018e-15,5.284402e-16,2.071102e-16
2000,1080,500200,4900000,1447.65,34.22,44.2,-119.398,4.545116e-09,2.234803e-09,1.061520e-09,5.042556e-10,2.164906e-10,9.945165e-11,4.007049e-11,1.867269e-11,6.934566e-12,2.835122e-12,1.080099e-12,4.653002e-13,1.786073e-13,6.760440e-14,2.478471e-14,9.963200e-15,3.655902e-15,1.502214e-15,5.594347e-16,2.075426e-16
2000,1081,500200,4900050,1445.13,34.02,44.2004,-119.398,4.769973e-09,2.410298e-09,1.140034e-09,4.849697e-10,2.278040e-10,1.003570e-10,3.928690e-11,1.726565e-11,7.104179e-12,2.808967e-12,1.063049e-12,4.389089e-13,1.712973e-13,6.677123e-14,2.541096e-14,9.775174e-15,3.780633e-15,1.458808e-15,5.413806e-16,2.044676e-16
2000,1082,500200,4900100,1450.18,33.08,44.2008,-119.398,4.932420e-09,2.407190e-09,1.137833e-09,5.373919e-10,2.171369e-10,9.329131e-11,4.231991e-11,1.748660e-11,7.157611e-12,2.819955e-12,1.156441e-12,4.584070e-13,1.763888e-13,6.682037e-14,2.429646e-14,1.016412e-14,3.933043e-15,1.470376e-15,5.328067e-16,2.114794e-16
2000,1083,500200,4900150,1451.72,36.56,44.2012,-119.398,4.064490e-09,2.093585e-09,1.036514e-09,4.745383e-10,2.051968e-10,9.362342e-11,4.026868e-11,1.669453e-11,6.879897e-12,2.742137e-12,1.151029e-12,4.238039e-13,1.675112e-13,6.629492e-14,2.626904e-14,9.385038e-15,3.611953e-15,1.344179e-15,5.443843e-16,1.992968e-16
2000,1084,500200,4900200,1449.23,35.66,44.2016,-119.398,4.255959e-09,2.195550e-09,1.034395e-09,4.954856e-10,2.199498e-10,9.218716e-11,3.997806e-11,1.738991e-11,6.988718e-12,2.671072e-12,1.132036e-12,4.239508e-13,1.786313e-13,6.859191e-14,2.590500e-14,9.900671e-15,3.744878e-15,1.463661e-15,5.386614e-16,2.079492e-16
2000,1085,500200,4900250,1451.74,34.44,44.202,-119.398,4.507361e-09,2.208416e-09,1.054179e-09,4.759961e-10,2.285250e-10,1.018569e-10,4.282274e-11,1.633502e-11,7.165780e-12,2.943948e-12,1.106573e-12,4.433954e-13,1.622140e-13,6.748167e-14,2.498520e-14,9.953678e-15,3.604122e-15,1.461890e-15,5.627623e-16,2.020276e-16
2000,1086,500200,4900300,1447.73,32.84,44.2024,-119.398,4.888561e-09,2.392681e-09,1.094386e-09,5.339315e-10,2.291703e-10,9.654322e-11,4.148620e-11,1.812911e-11,7.275716e-12,2.856822e-12,1.157719e-12,4.312693e-13,1.743241e-13,6.773845e-14,2.560003e-14,1.007412e-14,3.708043e-15,1.465489e-15,5.566063e-16,1.892331e-16
2000,1087,500200,4900350,1452.38,31.95,44.2028,-119.398,5.012376e-09,2.588837e-09,1.167406e-09,5.151190e-10,2.290240e-10,1.045057e-10,4.029720e-11,1.836612e-11,7.202223e-12,2.787177e-12,1.124010e-12,4.355351e-13,1.794786e-13,6.917654e-14,2.470186e-14,9.848527e-15,3.706308e-15,1.502007e-15,5.261161e-16,2.176229e-16
2000,1088,500200,4900400,1449.93,33.84,44.2032,-119.398,4.619039e-09,2.287153e-09,1.068122e-09,5.136156e-10,2.184811e-10,9.138488e-11,4.101058e-11,1.638180e-11,6.903498e-12,2.762631e-12,1.097953e-12,4.704790e-13,1.734816e-13,6.762503e-14,2.448901e-14,9.718574e-15,3.811566e-15,1.396047e-15,5.614547e-16,1.996018e-16
2000,1089,500200,4900450,1449.43,34.41,44.2036,-119.398,4.614890e-09,2.246475e-09,1.080104e-09,5.000530e-10,2.187017e-10,9.801990e-11,4.136043e-11,1.712710e-11,6.922705e-12,2.890960e-12,1.114011e-12,4.379828e-13,1.731537e-13,7.035335e-14,2.477088e-14,1.012294e-14,3.566464e-15,1.447840e-15,5.717803e-16,2.099215e-16
2000,1090,500200,4900500,1450.34,34.44,44.204,-119.398,4.596530e-09,2.273166e-09,1.063277e-09,4.992410e-10,2.249596e-10,9.439018e-11,4.007339e-11,1.647198e-11,7.095480e-12,2.869680e-12,1.129746e-12,4.548497e-13,1.730666e-13,6.773327e-14,2.604392e-14,9.867248e-15,3.721005e-15,1.534013e-15,5.385787e-16,2.027557e-16
2000,1091,500200,4900550,1450.87,35.25,44.2044,-119.398,4.229358e-09,2.288157e-09,1.054442e-09,4.747588e-10,2.267230e-10,9.667529e-11,3.891680e-11,1.786092e-11,7.076793e-12,2.797945e-12,1.166935e-12,4.414868e-13,1.716058e-13,6.534906e-14,2.616962e-14,1.000762e-14,3.774076e-15,1.401666e-15,5.472326e-16,2.061797e-16
2000,1092,500200,4900600,1447.33,33.53,44.2048,-119.398,4.858595e-09,2.185532e-09,1.128510e-09,5.090841e-10,2.374283e-10,9.691421e-11,4.251800e-11,1.718480e-11,7.112010e-12,2.911396e-12,1.114485e-12,4.580281e-13,1.683062e-13,6.781765e-14,2.661385e-14,1.011887e-14,4.007955e-15,1.408235e-15,5.242318e-16,2.009860e-16
2000,1093,500200,4900650,1451.32,35.5,44.2052,-119.398,4.390691e-09,2.122925e-09,1.074742e-09,4.704564e-10,2.254599e-10,1.026191e-10,4.075932e-11,1.720511e-11,6.821031e-12,2.641653e-12,1.091891e-12,4.244110e-13,1.641124e-13,7.005023e-14,2.591153e-14,9.972681e-15,3.735507e-15,1.427634e-15,5.606820e-16,2.063507e-16
2000,1094,500200,4900700,1451.06,34.8,44.2056,-119.398,4.466324e-09,2.160712e-09,1.011036e-09,4.941141e-10,2.218948e-10,9.214697e-11,4.074970e-11,1.710394e-11,6.528938e-12,2.735272e-12,1.131982e-12,4.459834e-13,1.662674e-13,6.714066e-14,2.655991e-14,1.011239e-14,3.766505e-15,1.417053e-15,5.352918e-16,2.096675e-16
2000,1095,500200,4900750,1450.39,35.63,44.206,-119.398,4.375564e-09,2.242420e-09,1.050135e-09,4.985097e-10,2.230496e-10,9.205217e-11,3.806541e-11,1.766748e-11,6.968542e-12,2.647093e-12,1.087305e-12,4.486576e-13,1.700260e-13,6.555518e-14,2.677112e-14,9.547575e-15,3.679227e-15,1.443868e-15,5.511991e-16,2.095957e-16
2000,1096,500200,4900800,1451.82,35.2,44.2064,-119.398,4.499788e-09,2.204713e-09,1.062874e-09,4.940858e-10,2.208495e-10,9.728707e-11,4.119403e-11,1.700321e-11,6.779126e-12,2.807219e-12,1.113765e-12,4.422301e-13,1.832214e-13,6.565227e-14,2.605639e-14,1.018600e-14,3.784485e-15,1.536713e-15,5.390215e-16,2.086521e-16
2000,1097,500200,4900850,1448.4,34.65,44.2068,-119.398,4.586236e-09,2.330842e-09,1.092209e-09,5.197294e-10,2.219370e-10,9.526964e-11,4.424919e-11,1.732703e-11,6.845808e-12,2.759288e-12,1.088454e-12,4.538603e-13,1.705350e-13,6.714001e-14,2.573994e-14,1.010521e-14,3.683258e-15,1.391452e-15,5.494596e-16,2.105559e-16
2000,1098,500200,4900900,1450.67,34.19,44.2072,-119.398,4.726843e-09,2.256496e-09,1.078960e-09,4.921059e-10,2.334630e-10,9.884431e-11,4.195283e-11,1.786552e-11,7.622927e-12,2.683947e-12,1.098876e-12,4.344621e-13,1.683929e-13,6.484134e-14,2.559609e-14,9.539273e-15,3.821205e-15,1.441313e-15,5.540576e-16,2.101023e-16
2000,1099,500200,4900950,1451.21,34.63,44.2076,-119.398,4.841919e-09,2.289116e-09,1.021405e-09,4.857520e-10,2.109495e-10,9.627861e-11,4.077948e-11,1.688385e-11,7.418934e-12,2.864391e-12,1.144531e-12,4.291258e-13,1.672516e-13,6.695831e-14,2.592293e-14,9.337549e-15,3.758817e-15,1.438454e-15,5.422642e-16,2.017801e-16
2000,1100,500200,4901000,1448.92,34.82,44.208,-119.398,4.524936e-09,2.296860e-09,1.109659e-09,4.936243e-10,2.184880e-10,9.710346e-11,4.153942e-11,1.685396e-11,7.145952e-12,2.895137e-12,1.161654e-12,4.643841e-13,1.677516e-13,6.685088e-14,2.577823e-14,9.852945e-15,3.703729e-15,1.373178e-15,5.471097e-16,2.019996e-16
2000,1101,500200,4901050,1450.17,34.21,44.2084,-119.398,4.479854e-09,2.324223e-09,1.101072e-09,5.152490e-10,2.394266e-10,9.780796e-11,4.180461e-11,1.666446e-11,6.758360e-12,2.963345e-12,1.092636e-12,4.287816e-13,1.726009e-13,6.682622e-14,2.512897e-14,9.810045e-15,3.922708e-15,1.404284e-15,5.233401e-16,2.128021e-16
2000,1102,500200,4901100,1450.98,34.38,44.2088,-119.398,4.374281e-09,2.239320e-09,1.087166e-09,5.212323e-10,2.166744e-10,9.636892e-11,4.189851e-11,1.594597e-11,7.230779e-12,2.723330e-12,1.133123e-12,4.453215e-13,1.782280e-13,6.805242e-14,2.396803e-14,9.661472e-15,3.796897e-15,1.430049e-15,5.538044e-16,2.117879e-16
2000,1103,500200,4901150,1451.22,34.79,44.2092,-119.398,4.262688e-09,2.225103e-09,1.088233e-09,4.817300e-10,2.257146e-10,9.845700e-11,4.094715e-11,1.550685e-11,6.712785e-12,2.971631e-12,1.099982e-12,4.146221e-13,1.786106e-13,6.684980e-14,2.662372e-14,9.964127e-15,3.829266e-15,1.452882e-15,5.570091e-16,2.208925e-16
2000,1104,500200,4901200,1451.94,33.42,44.2096,-119.398,4.863035e-09,2.461163e-09,1.165899e-09,5.113171e-10,2.370098e-10,1.013114e-10,4.498653e-11,1.702457e-11,6.988146e-12,2.825034e-12,1.114451e-12,4.331487e-13,1.591884e-13,6.637741e-14,2.619395e-14,9.778642e-15,4.011148e-15,1.442132e-15,5.681393e-16,2.088216e-16
2000,1105,500200,4901250,1451.65,35.28,44.21,-119.398,4.596755e-09,2.217317e-09,1.073168e-09,4.965246e-10,2.170224e-10,9.604702e-11,4.316289e-11,1.681930e-11,7.026967e-12,2.904409e-12,1.151900e-12,4.395415e-13,1.594701e-13,6.770318e-14,2.400807e-14,1.030164e-14,3.791594e-15,1.478748e-15,5.303554e-16,1.969893e-16
2000,1106,500200,4901300,1450.52,34.97,44.2104,-119.398,4.407492e-09,2.244570e-09,1.156469e-09,5.076494e-10,2.274151e-10,9.788028e-11,4.245972e-11,1.693137e-11,6.534796e-12,2.791121e-12,1.143697e-12,4.274633e-13,1.711267e-13,6.537614e-14,2.691027e-14,1.009787e-14,3.849140e-15,1.463405e-15,5.447892e-16,2.079294e-16
2000,1107,500200,4901350,1447.63,32.81,44.2108,-119.398,4.950135e-09,2.458839e-09,1.189434e-09,5.516045e-10,2.432478e-10,9.677580e-11,4.174225e-11,1.781770e-11,7.689274e-12,2.995358e-12,1.174778e-12,4.416330e-13,1.695406e-13,6.903651e-14,2.510863e-14,9.873084e-15,3.783867e-15,1.512390e-15,5.417150e-16,1.922064e-16
2000,1108,500200,4901400,1451.01,34.3,44.2112,-119.398,4.618315e-09,2.293243e-09,1.083554e-09,5.170062e-10,2.138515e-10,9.530571e-11,4.197994e-11,1.688013e-11,6.682623e-12,2.882933e-12,1.160691e-12,4.417501e-13,1.625480e-13,6.839524e-14,2.453280e-14,9.989214e-15,3.681502e-15,1.388710e-15,5.388391e-16,2.057814e-16
2000,1109,500200,4901450,1448.71,35.59,44.2116,-119.398,4.299998e-09,2.253020e-09,1.055997e-09,4.768521e-10,2.117240e-10,8.966668e-11,4.059972e-11,1.670597e-11,6.423163e-12,2.745779e-12,1.081064e-12,4.592317e-13,1.627056e-13,6.369908e-14,2.654690e-14,1.025850e-14,3.685239e-15,1.407562e-15,5.548893e-16,1.921027e-16
2000,1110,500200,4901500,1446.28,34.72,44.212,-119.398,4.743132e-09,2.234908e-09,1.081589e-09,5.164017e-10,2.360791e-10,9.437463e-11,4.083976e-11,1.803517e-11,6.669484e-12,2.902018e-12,1.085033e-12,4.425165e-13,1.710697e-13,6.493233e-14,2.501898e-14,9.967090e-15,3.891124e-15,1.431944e-15,5.468377e-16,2.103399e-16
2000,1111,500200,4901550,1448.06,35.74,44.2124,-119.398,2.103786e-09,1.523645e-09,9.894445e-10,7.013555e-10,5.079732e-10,3.473954e-10,2.220872e-10,1.437187e-10,9.153278e-11,5.278961e-11,3.152860e-11,1.824491e-11,9.900423e-12,4.494420e-12,1.840678e-12,6.997949e-13,2.459279e-13,7.705096e-14,2.324098e-14,6.192360e-15
2000,1112,500200,4901600,1448.59,34.23,44.2128,-119.398,2.215990e-09,1.605755e-09,1.113167e-09,7.739242e-10,5.308611e-10,3.613931e-10,2.450362e-10,1.583459e-10,9.321730e-11,5.732570e-11,3.151633e-11,1.912860e-11,1.020454e-11,4.680846e-12,2.106459e-12,7.372921e-13,2.612238e-13,8.106112e-14,2.348116e-14,6.440018e-15
2000,1113,500200,4901650,1450.21,35.85,44.2132,-119.398,2.125605e-09,1.404917e-09,1.019363e-09,6.923041e-10,5.052269e-10,3.296353e-10,2.319835e-10,1.544365e-10,8.937350e-11,5.038497e-11,3.129277e-11,1.881388e-11,9.748664e-12,4.602206e-12,2.003997e-12,7.522872e-13,2.646514e-13,8.235957e-14,2.440115e-14,6.487769e-15
2000,1114,500200,4901700,1451.81,34.69,44.2136,-119.398,2.139824e-09,1.575875e-09,1.067022e-09,7.701733e-10,5.258554e-10,3.505570e-10,2.369135e-10,1.586996e-10,9.542283e-11,5.331076e-11,3.279100e-11,1.973411e-11,9.790360e-12,4.419866e-12,2.093529e-12,7.677333e-13,2.576649e-13,7.993368e-14,2.424675e-14,6.343698e-15
2000,1115,500200,4901750,1452.3,35.54,44.214,-119.398,2.092992e-09,1.436172e-09,1.006967e-09,7.416378e-10,4.888248e-10,3.258624e-10,2.320838e-10,1.495623e-10,9.212159e-11,5.520578e-11,3.182575e-11,1.873418e-11,9.647500e-12,4.529051e-12,1.936556e-12,7.895705e-13,2.427763e-13,8.153963e-14,2.219866e-14,6.405941e-15
2000,1116,500200,4901800,1449.13,32.91,44.2144,-119.398,2.459250e-09,1.651616e-09,1.104322e-09,8.542095e-10,6.029751e-10,4.093301e-10,2.613949e-10,1.653422e-10,1.052124e-10,6.319010e-11,3.625862e-11,1.918913e-11,1.036686e-11,4.912781e-12,1.930647e-12,7.813004e-13,2.809451e-13,8.354523e-14,2.477836e-14,6.533447e-15
2000,1117,500200,4901850,1449.85,35.38,44.2148,-119.398,2.038934e-09,1.396770e-09,1.056792e-09,7.528686e-10,4.895448e-10,3.542761e-10,2.283819e-10,1.489432e-10,9.244632e-11,5.637558e-11,3.232192e-11,1.913149e-11,9.774457e-12,4.691881e-12,1.909148e-12,7.936971e-13,2.599814e-13,8.211701e-14,2.226121e-14,6.270834e-15
2000,1118,500200,4901900,1452.48,35.29,44.2152,-119.398,1.981816e-09,1.491915e-09,1.007286e-09,7.579309e-10,5.059214e-10,3.481636e-10,2.382194e-10,1.441137e-10,8.883608e-11,5.462350e-11,3.315224e-11,1.767338e-11,9.222667e-12,4.729128e-12,1.925872e-12,7.376230e-13,2.423344e-13,7.882067e-14,2.339783e-14,6.611768e-15
2000,1119,500200,4901950,1448.46,36.66,44.2156,-119.398,1.896659e-09,1.306106e-09,9.890065e-10,6.772294e-10,4.630780e-10,3.208696e-10,2.239567e-10,1.452867e-10,8.434769e-11,5.209578e-11,3.096545e-11,1.715482e-11,9.364164e-12,4.485670e-12,1.981905e-12,7.593393e-13,2.504951e-13,7.908229e-14,2.367795e-14,6.282109e-15
2000,1120,500200,4902000,1451.18,34.91,44.216,-119.398,2.090604e-09,1.438911e-09,1.093413e-09,7.401196e-10,5.437908e-10,3.477487e-10,2.366067e-10,1.616056e-10,9.013348e-11,5.260051e-11,3.404954e-11,1.816175e-11,9.798825e-12,4.571299e-12,1.990325e-12,7.289531e-13,2.562891e-13,8.179834e-14,2.274758e-14,6.307784e-15
2000,1121,500200,4902050,1449.31,33.57,44.2164,-119.398,2.299354e-09,1.606895e-09,1.117088e-09,7.938937e-10,5.559003e-10,3.702997e-10,2.550416e-10,1.668049e-10,9.688495e-11,5.942856e-11,3.400010e-11,1.955687e-11,1.060199e-11,4.852159e-12,1.910361e-12,7.737401e-13,2.707880e-13,8.098504e-14,2.433963e-14,6.344457e-15
2000,1122,500200,4902100,1447.03,35.14,44.2168,-119.398,2.015571e-09,1.453484e-09,1.075860e-09,6.931909e-10,4.930539e-10,3.387685e-10,2.318651e-10,1.477950e-10,9.619609e-11,5.694485e-11,3.304981e-11,1.859654e-11,9.871657e-12,4.514205e-12,2.018490e-12,7.234081e-13,2.635989e-13,8.345181e-14,2.357834e-14,6.403635e-15
2000,1123,500200,4902150,1450.8,32.14,44.2172,-119.398,2.577537e-09,1.748749e-09,1.234534e-09,8.912888e-10,6.030252e-10,3.947309e-10,2.679320e-10,1.716574e-10,1.050180e-10,6.232237e-11,3.715576e-11,1.956011e-11,1.056843e-11,5.120679e-12,1.961382e-12,7.828698e-13,2.605229e-13,8.156582e-14,2.319235e-14,6.486660e-15
2000,1124,500200,4902200,1453.68,33.74,44.2176,-119.398,2.233524e-09,1.529396e-09,1.182245e-09,7.848154e-10,5.527686e-10,3.712292e-10,2.415969e-10,1.580667e-10,1.050598e-10,6.079161e-11,3.325770e-11,1.966283e-11,9.849179e-12,4.515217e-12,2.075948e-12,7.888658e-13,2.690488e-13,8.031545e-14,2.350190e-14,6.621510e-15
2000,1125,500200,4902250,1450.78,34.61,44.218,-119.398,2.085767e-09,1.513206e-09,1.100842e-09,7.290912e-10,5.368453e-10,3.622428e-10,2.433404e-10,1.568302e-10,9.228528e-11,5.367129e-11,3.258475e-11,1.928832e-11,9.717372e-12,4.584359e-12,1.875901e-12,7.929343e-13,2.648740e-13,8.276553e-14,2.417993e-14,6.562887e-15
2000,1126,500200,4902300,1449.51,34.84,44.2184,-119.398,2.138351e-09,1.608035e-09,1.071589e-09,7.373925e-10,5.283657e-10,3.442416e-10,2.463312e-10,1.484581e-10,9.487701e-11,5.777600e-11,3.327361e-11,1.873094e-11,9.832387e-12,4.654754e-12,1.943512e-12,7.412087e-13,2.693931e-13,8.050877e-14,2.291738e-14,6.345987e-15
2000,1127,500200,4902350,1452.2,35.68,44.2188,-119.398,2.087831e-09,1.402339e-09,1.017949e-09,6.973985e-10,4.926519e-10,3.489283e-10,2.316304e-10,1.411929e-10,8.775884e-11,5.431015e-11,3.357479e-11,1.715033e-11,9.693469e-12,4.388483e-12,1.911290e-12,7.343689e-13,2.523602e-13,7.892639e-14,2.335433e-14,6.318275e-15
2000,1128,500200,4902400,1447.08,35.78,44.2192,-119.398,2.087340e-09,1.440552e-09,9.490328e-10,7.135344e-10,5.038938e-10,3.269108e-10,2.246954e-10,1.443263e-10,9.465937e-11,5.704623e-11,3.022730e-11,1.950082e-11,9.326253e-12,4.702489e-12,2.001770e-12,7.193609e-13,2.591023e-13,7.989028e-14,2.372391e-14,6.463098e-15
2000,1129,500200,4902450,1452.39,35.08,44.2196,-119.398,2.116973e-09,1.512154e-09,1.053906e-09,7.514630e-10,5.025125e-10,3.386297e-10,2.283498e-10,1.466513e-10,9.449849e-11,5.698078e-11,3.241438e-11,1.931048e-11,1.015711e-11,4.667876e-12,1.919361e-12,7.837441e-13,2.566836e-13,8.088929e-14,2.319141e-14,6.265822e-15
2000,1130,500200,4902500,1447.06,35.63,44.22,-119.398,4.255892e-09,2.389549e-09,1.013045e-09,4.686723e-10,2.206975e-10,9.865663e-11,4.032666e-11,1.717547e-11,6.532835e-12,2.733908e-12,1.075312e-12,4.135740e-13,1.720663e-13,6.209826e-14,2.467233e-14,9.698418e-15,3.675480e-15,1.451832e-15,5.498118e-16,2.120581e-16
2000,1131,500200,4902550,1451.5,36.14,44.2204,-119.398,4.264828e-09,2.167384e-09,1.046125e-09,4.823700e-10,2.122648e-10,9.246415e-11,3.893452e-11,1.697970e-11,6.855556e-12,2.721818e-12,1.084628e-12,4.211659e-13,1.760105e-13,6.658197e-14,2.497899e-14,1.008058e-14,3.701314e-15,1.372759e-15,5.610102e-16,2.030425e-16
2000,1132,500200,4902600,1449.18,35.04,44.2208,-119.398,4.626799e-09,2.240230e-09,1.029403e-09,5.033311e-10,2.172657e-10,1.008702e-10,4.065392e-11,1.588669e-11,7.038744e-12,2.970757e-12,1.169294e-12,4.644562e-13,1.667739e-13,6.858856e-14,2.519221e-14,9.942278e-15,3.631171e-15,1.408840e-15,5.343340e-16,2.122764e-16
2000,1133,500200,4902650,1451.6,35.28,44.2212,-119.398,4.236560e-09,2.192907e-09,1.033761e-09,5.039407e-10,2.266534e-10,9.790145e-11,3.953488e-11,1.556324e-11,6.571776e-12,2.918167e-12,1.100392e-12,4.294913e-13,1.802143e-13,6.920016e-14,2.573952e-14,9.779700e-15,3.757464e-15,1.445475e-15,5.712738e-16,2.092310e-16
2000,1134,500200,4902700,1451.45,36.17,44.2216,-119.398,4.097693e-09,2.188231e-09,1.017908e-09,4.428426e-10,2.006363e-10,9.036329e-11,4.048185e-11,1.680129e-11,6.904890e-12,2.936745e-12,1.063622e-12,4.363832e-13,1.724552e-13,6.492828e-14,2.565478e-14,9.366523e-15,3.922828e-15,1.403626e-15,5.774039e-16,2.061361e-16
2000,1135,500200,4902750,1452.06,34.95,44.222,-119.398,4.488856e-09,2.208011e-09,1.075133e-09,5.013718e-10,2.157962e-10,9.529514e-11,3.997816e-11,1.822886e-11,6.953484e-12,2.939993e-12,1.110855e-12,4.439953e-13,1.653091e-13,6.589650e-14,2.592243e-14,1.034896e-14,3.801473e-15,1.496571e-15,5.559812e-16,2.168282e-16
2000,1136,500200,4902800,1449.88,37.39,44.2224,-119.398,3.974843e-09,1.998807e-09,9.521273e-10,4.957790e-10,2.134898e-10,9.010723e-11,4.052070e-11,1.680504e-11,7.170721e-12,2.614840e-12,1.086335e-12,4.272342e-13,1.597092e-13,6.813078e-14,2.530969e-14,1.001938e-14,4.017589e-15,1.414108e-15,5.362184e-16,2.067049e-16
2000,1137,500200,4902850,1451.97,34.43,44.2228,-119.398,4.505326e-09,2.363130e-09,1.101323e-09,4.727276e-10,2.154077e-10,1.009651e-10,4.156191e-11,1.678008e-11,6.977419e-12,2.824610e-12,1.146712e-12,4.240375e-13,1.682569e-13,6.749416e-14,2.573137e-14,1.006417e-14,3.641748e-15,1.453875e-15,5.638609e-16,2.099100e-16
2000,1138,500200,4902900,1450.28,34.9,44.2232,-119.398,4.380471e-09,2.242533e-09,1.111791e-09,4.948605e-10,2.150964e-10,9.424141e-11,4.096890e-11,1.686133e-11,7.073762e-12,2.853814e-12,1.147214e-12,4.593835e-13,1.772752e-13,6.492033e-14,2.506148e-14,9.856466e-15,3.725211e-15,1.387852e-15,5.382675e-16,2.037920e-16
2000,1139,500200,4902950,1448.66,34.68,44.2236,-119.398,4.692626e-09,2.278045e-09,1.158286e-09,5.019694e-10,2.201123e-10,9.604849e-11,4.117481e-11,1.732372e-11,7.424027e-12,2.743838e-12,1.148068e-12,4.439099e-13,1.642019e-13,6.839945e-14,2.675964e-14,9.630919e-15,3.777269e-15,1.363131e-15,5.250823e-16,2.132982e-16
2000,1140,500200,4903000,1449.07,33.89,44.224,-119.398,4.726450e-09,2.297984e-09,1.091313e-09,5.220516e-10,2.184117e-10,9.493467e-11,4.160478e-11,1.779704e-11,7.316616e-12,2.780704e-12,1.158185e-12,4.331039e-13,1.825752e-13,6.481773e-14,2.688826e-14,9.714776e-15,4.014795e-15,1.465553e-15,5.298113e-16,2.037987e-16
2000,1141,500200,4903050,1451.56,36.05,44.2244,-119.398,4.256025e-09,2.150708e-09,1.053755e-09,4.822279e-10,2.064883e-10,9.111776e-11,4.019500e-11,1.737903e-11,7.208240e-12,2.842013e-12,1.116151e-12,4.468533e-13,1.675691e-13,6.611995e-14,2.500873e-14,9.473153e-15,3.802281e-15,1.441211e-15,5.555630e-16,2.097487e-16
2000,1142,500200,4903100,1450.49,35.56,44.2248,-119.398,4.352741e-09,2.215771e-09,1.024352e-09,4.924463e-10,2.217297e-10,9.243376e-11,4.031125e-11,1.656970e-11,6.806067e-12,2.696450e-12,1.153290e-12,4.525227e-13,1.742291e-13,7.051708e-14,2.554554e-14,1.075382e-14,3.743755e-15,1.445753e-15,5.383158e-16,2.088273e-16
2000,1143,500200,4903150,1451.67,34.89,44.2252,-119.398,4.732485e-09,2.263511e-09,1.079998e-09,4.830908e-10,2.237703e-10,9.526936e-11,3.998043e-11,1.665519e-11,7.531099e-12,2.787533e-12,1.068571e-12,4.313399e-13,1.718663e-13,6.788772e-14,2.618847e-14,1.007945e-14,3.703268e-15,1.451598e-15,5.311591e-16,2.028919e-16
2000,1144,500200,4903200,1448.16,33.81,44.2256,-119.398,4.865363e-09,2.391924e-09,1.143130e-09,5.127627e-10,2.321234e-10,9.261421e-11,4.255720e-11,1.741050e-11,7.195746e-12,2.872468e-12,1.094035e-12,4.238895e-13,1.694889e-13,6.826857e-14,2.640307e-14,9.506242e-15,3.675639e-15,1.409066e-15,5.407066e-16,1.986119e-16
2000,1145,500200,4903250,1447.16,34.18,44.226,-119.398,4.644673e-09,2.226256e-09,1.092302e-09,5.225308e-10,2.159172e-10,9.640027e-11,4.247172e-11,1.700508e-11,6.908777e-12,2.927756e-12,1.113446e-12,4.573114e-13,1.750274e-13,6.631833e-14,2.619996e-14,9.995807e-15,3.899045e-15,1.415407e-15,5.468510e-16,2.065681e-16
2000,1146,500200,4903300,1451.41,33.97,44.2264,-119.398,4.816132e-09,2.358211e-09,1.059732e-09,5.277546e-10,2.408928e-10,1.003171e-10,4.311366e-11,1.731398e-11,6.695069e-12,2.677726e-12,1.134206e-12,4.353681e-13,1.682494e-13,6.694291e-14,2.632525e-14,9.475073e-15,3.734169e-15,1.504911e-15,5.287453e-16,2.124131e-16
2000,1147,500200,4903350,1449.03,35.55,44.2268,-119.398,4.521361e-09,2.245794e-09,1.079227e-09,4.715276e-10,2.251638e-10,9.209903e-11,4.063001e-11,1.704031e-11,7.024160e-12,2.821586e-12,1.083848e-12,4.210282e-13,1.760496e-13,6.697986e-14,2.658735e-14,9.847133e-15,3.611518e-15,1.476671e-15,5.388595e-16,2.086703e-16
2000,1148,500200,4903400,1448.71,36.64,44.2272,-119.398,4.064433e-09,2.086567e-09,1.017055e-09,4.582007e-10,2.144187e-10,9.694495e-11,3.899915e-11,1.684797e-11,6.271111e-12,2.760358e-12,1.091800e-12,4.248779e-13,1.760477e-13,6.562444e-14,2.545789e-14,9.715260e-15,3.543542e-15,1.383082e-15,5.595316e-16,1.931620e-16
2000,1149,500200,4903450,1448.47,34.6,44.2276,-119.398,4.790362e-09,2.325543e-09,1.063770e-09,5.204115e-10,2.176265e-10,9.914169e-11,3.926052e-11,1.767587e-11,6.911581e-12,2.731031e-12,1.112835e-12,4.451297e-13,1.698607e-13,6.799598e-14,2.533803e-14,1.007225e-14,3.829398e-15,1.435219e-15,5.385600e-16,2.077674e-16
2000,1150,500200,4903500,1451.1,37.06,44.228,-119.398,4.200782e-09,2.129437e-09,1.090004e-09,4.744555e-10,2.128878e-10,9.349532e-11,3.806472e-11,1.631434e-11,6.691888e-12,2.803612e-12,1.091972e-12,4.359171e-13,1.755908e-13,6.783344e-14,2.542176e-14,9.613886e-15,3.882770e-15,1.463375e-15,5.171851e-16,2.041270e-16
2000,1151,500200,4903550,1450.33,35.78,44.2284,-119.398,4.438701e-09,2.190720e-09,1.058652e-09,4.852768e-10,2.119745e-10,9.321785e-11,4.013705e-11,1.682077e-11,6.508859e-12,2.751983e-12,1.111172e-12,4.342191e-13,1.700061e-13,6.749063e-14,2.484095e-14,9.369962e-15,3.728182e-15,1.467031e-15,5.721962e-16,2.113037e-16
2000,1152,500200,4903600,1447.06,34.77,44.2288,-119.398,4.547387e-09,2.267948e-09,1.092197e-09,4.843207e-10,2.219510e-10,9.705363e-11,4.180231e-11,1.666364e-11,6.908153e-12,2.584352e-12,1.097468e-12,4.339283e-13,1.669602e-13,6.715502e-14,2.572626e-14,9.212252e-15,3.801724e-15,1.397204e-15,5.535424e-16,1.988144e-16
2000,1153,500200,4903650,1450.06,34.72,44.2292,-119.398,4.573604e-09,2.272981e-09,1.070069e-09,4.763976e-10,2.122043e-10,9.435435e-11,4.085025e-11,1.678839e-11,7.119708e-12,2.791649e-12,1.086823e-12,4.374798e-13,1.734916e-13,6.750532e-14,2.723199e-14,9.686751e-15,3.769953e-15,1.455916e-15,5.453064e-16,2.036906e-16
2000,1154,500200,4903700,1446.9,34.49,44.2296,-119.398,4.424919e-09,2.163596e-09,1.059488e-09,4.864381e-10,2.270064e-10,9.815974e-11,3.988611e-11,1.701473e-11,6.614534e-12,2.778901e-12,1.134458e-12,4.526858e-13,1.688253e-13,6.902675e-14,2.462578e-14,9.521098e-15,3.860720e-15,1.510255e-15,5.539649e-16,2.066074e-16
2000,1155,500200,4903750,1445.61,32.98,44.23,-119.398,4.903382e-09,2.390544e-09,1.102409e-09,5.248404e-10,2.319986e-10,1.021778e-10,4.221828e-11,1.816051e-11,7.131352e-12,2.852496e-12,1.170997e-12,4.331320e-13,1.886493e-13,6.813688e-14,2.624273e-14,1.009453e-14,4.008681e-15,1.477095e-15,5.209902e-16,2.160493e-16
2000,1156,500200,4903800,1449.32,35.11,44.2304,-119.398,4.283084e-09,2.265628e-09,1.043542e-09,4.953556e-10,2.180782e-10,1.007752e-10,4.300081e-11,1.702828e-11,6.969274e-12,2.772848e-12,1.152620e-12,4.356357e-13,1.697681e-13,6.869007e-14,2.532450e-14,9.861550e-15,3.595315e-15,1.466650e-15,5.770524e-16,2.111454e-16
2000,1157,500200,4903850,1452.92,34.15,44.2308,-119.398,4.665530e-09,2.242696e-09,1.088620e-09,5.181803e-10,2.253785e-10,9.289021e-11,3.957940e-11,1.650761e-11,7.133403e-12,3.004173e-12,1.169702e-12,4.174670e-13,1.801707e-13,6.888990e-14,2.463090e-14,9.810571e-15,3.907516e-15,1.462844e-15,5.247260e-16,2.107418e-16
2000,1158,500200,4903900,1445.72,34.78,44.2312,-119.398,4.666700e-09,2.257174e-09,1.058719e-09,5.113095e-10,2.279972e-10,9.961187e-11,4.186188e-11,1.763038e-11,7.133914e-12,2.834889e-12,1.121321e-12,4.377262e-13,1.659641e-13,6.490792e-14,2.555149e-14,9.953601e-15,3.940574e-15,1.435428e-15,5.620175e-16,2.134606e-16
2000,1159,500200,4903950,1449.54,35.59,44.2316,-119.398,4.326480e-09,2.275472e-09,1.067139e-09,4.696498e-10,2.184242e-10,9.899281e-11,4.002984e-11,1.711239e-11,7.028543e-12,2.703843e-12,1.128122e-12,4.201674e-13,1.682464e-13,6.872652e-14,2.596636e-14,9.767237e-15,3.819973e-15,1.432183e-15,5.450228e-16,2.105899e-16
3000,1160,500400,4900000,1448.55,35.04,44.2,-119.396,4.431551e-09,2.132384e-09,1.038330e-09,5.185500e-10,2.230182e-10,9.167271e-11,3.877658e-11,1.697116e-11,7.290249e-12,2.791275e-12,1.160286e-12,4.449210e-13,1.744692e-13,6.408640e-14,2.647419e-14,9.776595e-15,3.873100e-15,1.401525e-15,5.482956e-16,2.088871e-16
3000,1161,500400,4900050,1449.69,35.4,44.2004,-119.396,4.361168e-09,2.162311e-09,1.104760e-09,5.051738e-10,2.134142e-10,9.632029e-11,3.948391e-11,1.633125e-11,7.146489e-12,2.653130e-12,1.143843e-12,4.357632e-13,1.705657e-13,6.745828e-14,2.615919e-14,9.618937e-15,3.852643e-15,1.440266e-15,5.244740e-16,2.055289e-16
3000,1162,500400,4900100,1452.76,36.68,44.2008,-119.396,4.245752e-09,2.025034e-09,1.025392e-09,4.844729e-10,2.164269e-10,9.446331e-11,3.994619e-11,1.659118e-11,6.702293e-12,2.603698e-12,1.112481e-12,4.377112e-13,1.732717e-13,6.358461e-14,2.607953e-14,1.042886e-14,3.767618e-15,1.428747e-15,5.487950e-16,2.187558e-16
3000,1163,500400,4900150,1447.95,35.2,44.2012,-119.396,4.328293e-09,2.185528e-09,1.059300e-09,5.124036e-10,2.312895e-10,9.636173e-11,4.006143e-11,1.825054e-11,6.858659e-12,2.753530e-12,1.055345e-12,4.580971e-13,1.768376e-13,7.153840e-14,2.465783e-14,1.030139e-14,3.781331e-15,1.470726e-15,5.182535e-16,2.157441e-16
3000,1164,500400,4900200,1451.57,34.96,44.2016,-119.396,4.560036e-09,2.187468e-09,1.049254e-09,4.883648e-10,2.082192e-10,9.793132e-11,4.210862e-11,1.667018e-11,7.036830e-12,2.784641e-12,1.127504e-12,4.319835e-13,1.674775e-13,6.886880e-14,2.570061e-14,1.047493e-14,3.780591e-15,1.396702e-15,5.654739e-16,2.106160e-16
3000,1165,500400,4900250,1451.45,36.19,44.202,-119.396,4.163544e-09,2.131605e-09,1.021702e-09,4.604508e-10,2.126248e-10,9.694719e-11,4.013054e-11,1.606797e-11,6.546395e-12,2.912927e-12,1.102723e-12,4.282601e-13,1.694897e-13,6.345226e-14,2.672735e-14,9.722754e-15,3.918029e-15,1.435148e-15,5.675771e-16,2.079261e-16
3000,1166,500400,4900300,1451.71,35.72,44.2024,-119.396,4.420621e-09,2.203180e-09,1.036477e-09,5.136017e-10,2.109584e-10,9.415351e-11,4.019931e-11,1.706550e-11,6.818210e-12,2.814235e-12,1.104576e-12,4.174126e-13,1.714185e-13,6.435019e-14,2.434540e-14,9.894652e-15,3.823668e-15,1.457128e-15,5.539890e-16,1.945181e-16
3000,1167,500400,4900350,1447.28,36.97,44.2028,-119.396,3.974263e-09,2.114655e-09,9.801669e-10,4.696346e-10,2.063338e-10,9.328852e-11,3.947968e-11,1.633499e-11,6.588680e-12,2.774969e-12,1.058626e-12,4.399788e-13,1.835436e-13,6.883107e-14,2.610611e-14,9.788954e-15,3.537406e-15,1.373732e-15,5.643797e-16,2.012104e-16
3000,1168,500400,4900400,1448.6,34.83,44.2032,-119.396,4.368865e-09,2.172904e-09,1.073180e-09,4.847020e-10,2.165949e-10,9.359885e-11,4.143113e-11,1.695749e-11,6.943039e-12,2.862852e-12,1.113553e-12,4.371840e-13,1.746590e-13,6.816255e-14,2.565581e-14,9.905917e-15,3.688711e-15,1.400121e-15,5.581820e-16,2.095256e-16
3000,1169,500400,4900450,1450.91,35.28,44.2036,-119.396,4.421562e-09,2.259850e-09,1.087094e-09,5.045530e-10,2.182539e-10,9.884263e-11,4.072862e-11,1.727855e-11,6.998366e-12,2.819541e-12,1.089215e-12,4.486319e-13,1.864109e-13,6.592010e-14,2.577544e-14,9.734471e-15,3.717184e-15,1.502212e-15,5.341026e-16,2.036738e-16
3000,1170,500400,4900500,1446.83,34.24,44.204,-119.396,4.395251e-09,2.351747e-09,1.188173e-09,5.008766e-10,2.134569e-10,9.962006e-11,4.030638e-11,1.789246e-11,6.970282e-12,2.775387e-12,1.117770e-12,4.527072e-13,1.716247e-13,6.600900e-14,2.567421e-14,9.522863e-15,3.828241e-15,1.361943e-15,5.388988e-16,2.116647e-16
3000,1171,500400,4900550,1450.61,35.59,44.2044,-119.396,4.349817e-09,2.265466e-09,1.076213e-09,4.935631e-10,2.234195e-10,9.645247e-11,3.971803e-11,1.620482e-11,7.002503e-12,2.836346e-12,1.147447e-12,4.261861e-13,1.668020e-13,6.749652e-14,2.563655e-14,9.299622e-15,3.811904e-15,1.355035e-15,5.293675e-16,2.148950e-16
3000,1172,500400,4900600,1453.65,33.78,44.2048,-119.396,4.668245e-09,2.346507e-09,1.169936e-09,5.045858e-10,2.235919e-10,1.023239e-10,4.101667e-11,1.769370e-11,6.749884e-12,2.825499e-12,1.071288e-12,4.297828e-13,1.775487e-13,6.703036e-14,2.561991e-14,9.690385e-15,3.762035e-15,1.453327e-15,5.626821e-16,1.907653e-16
3000,1173,500400,4900650,1448.34,35.16,44.2052,-119.396,4.421527e-09,2.248881e-09,1.069393e-09,4.879926e-10,2.159653e-10,9.438311e-11,4.191559e-11,1.660778e-11,6.934684e-12,2.816941e-12,1.166881e-12,4.357208e-13,1.767889e-13,6.916555e-14,2.568120e-14,9.807247e-15,3.736142e-15,1.424978e-15,5.591768e-16,2.080751e-16
3000,1174,500400,4900700,1450.47,33.87,44.2056,-119.396,4.557890e-09,2.484694e-09,1.101043e-09,4.988530e-10,2.360143e-10,9.841019e-11,4.213165e-11,1.722247e-11,6.987132e-12,2.822879e-12,1.079776e-12,4.423678e-13,1.746294e-13,7.082499e-14,2.592443e-14,9.216001e-15,3.775448e-15,1.558355e-15,5.606711e-16,2.020058e-16
3000,1175,500400,4900750,1451.18,34.26,44.206,-119.396,4.425086e-09,2.275194e-09,1.095524e-09,4.766669e-10,2.164318e-10,9.683725e-11,4.063207e-11,1.740063e-11,6.765646e-12,2.886795e-12,1.082983e-12,4.641469e-13,1.638179e-13,6.478146e-14,2.614175e-14,1.039168e-14,3.817946e-15,1.463067e-15,5.463659e-16,2.005478e-16
3000,1176,500400,4900800,1449.02,33.79,44.2064,-119.396,4.533969e-09,2.371756e-09,1.073168e-09,5.170685e-10,2.179781e-10,9.865023e-11,4.087493e-11,1.804929e-11,7.131462e-12,2.945381e-12,1.101862e-12,4.445835e-13,1.680911e-13,6.629790e-14,2.566414e-14,9.697193e-15,3.649007e-15,1.379239e-15,5.082005e-16,2.005110e-16
3000,1177,500400,4900850,1451.25,33.4,44.2068,-119.396,4.601775e-09,2.507526e-09,1.103810e-09,5.229344e-10,2.334192e-10,1.005271e-10,3.985610e-11,1.729571e-11,6.751668e-12,3.060468e-12,1.076967e-12,4.310416e-13,1.681557e-13,6.423476e-14,2.695813e-14,1.064683e-14,3.736928e-15,1.384450e-15,5.102503e-16,2.056793e-16
3000,1178,500400,4900900,1449.37,34.35,44.2072,-119.396,4.643048e-09,2.326481e-09,1.103114e-09,5.002422e-10,2.167515e-10,9.874096e-11,4.115123e-11,1.765525e-11,7.187936e-12,2.705700e-12,1.074546e-12,4.323208e-13,1.672348e-13,6.849426e-14,2.609058e-14,1.022390e-14,3.827187e-15,1.447778e-15,5.657330e-16,2.098352e-16
3000,1179,500400,4900950,1450.14,36.48,44.2076,-119.396,4.206675e-09,2.096501e-09,9.915036e-10,4.850539e-10,2.207107e-10,9.251620e-11,4.120335e-11,1.568848e-11,6.831481e-12,2.762949e-12,1.078984e-12,4.670366e-13,1.702714e-13,6.549247e-14,2.562380e-14,9.238930e-15,3.674987e-15,1.474248e-15,5.336839e-16,2.011171e-16
3000,1180,500400,4901000,1452.62,36.34,44.208,-119.396,4.294025e-09,2.102647e-09,1.016311e-09,4.661496e-10,2.074350e-10,9.011063e-11,3.904272e-11,1.620165e-11,6.537125e-12,2.789910e-12,1.112601e-12,4.587193e-13,1.673751e-13,6.695388e-14,2.586367e-14,9.760789e-15,3.846683e-15,1.465939e-15,5.494851e-16,2.047244e-16
3000,1181,500400,4901050,1449.28,33.63,44.2084,-119.396,4.641561e-09,2.317443e-09,1.080220e-09,5.218400e-10,2.361007e-10,9.549904e-11,4.197691e-11,1.682859e-11,7.014733e-12,2.786714e-12,1.149642e-12,4.353829e-13,1.786434e-13,6.669732e-14,2.538271e-14,9.546323e-15,3.817851e-15,1.479633e-15,5.512434e-16,2.210471e-16
3000,1182,500400,4901100,1452.86,34.69,44.2088,-119.396,4.489148e-09,2.296419e-09,1.051214e-09,5.168886e-10,2.244532e-10,9.677547e-11,4.170248e-11,1.798426e-11,7.024469e-12,2.805684e-12,1.169882e-12,4.539657e-13,1.706646e-13,6.686413e-14,2.593039e-14,9.992415e-15,3.624513e-15,1.371017e-15,5.311627e-16,2.008112e-16
3000,1183,500400,4901150,1448.71,35.63,44.2092,-119.396,4.336234e-09,2.201556e-09,1.008702e-09,4.802992e-10,2.212004e-10,9.601251e-11,3.937377e-11,1.696749e-11,7.371466e-12,2.789155e-12,1.087992e-12,4.362176e-13,1.719387e-13,6.627601e-14,2.566723e-14,9.430423e-15,3.660627e-15,1.428341e-15,5.421160e-16,2.030126e-16
3000,1184,500400,4901200,1449.65,35.06,44.2096,-119.396,4.572863e-09,2.223780e-09,1.077084e-09,4.858470e-10,2.237278e-10,9.634705e-11,4.164141e-11,1.736852e-11,7.078779e-12,2.795986e-12,1.123802e-12,4.540148e-13,1.685779e-13,6.547296e-14,2.588028e-14,9.995730e-15,3.681054e-15,1.433085e-15,5.437640e-16,1.929384e-16
3000,1185,500400,4901250,1449.56,34.84,44.21,-119.396,4.490944e-09,2.351755e-09,1.035605e-09,4.857016e-10,2.041598e-10,9.446225e-11,4.030772e-11,1.681514e-11,7.212396e-12,2.885099e-12,1.120930e-12,4.359625e-13,1.775304e-13,6.678341e-14,2.513691e-14,9.373220e-15,3.727293e-15,1.469768e-15,5.828547e-16,2.071478e-16
3000,1186,500400,4901300,1448.47,33.82,44.2104,-119.396,4.792907e-09,2.219449e-09,1.128926e-09,5.247226e-10,2.298061e-10,9.713645e-11,4.218615e-11,1.740729e-11,6.897997e-12,2.997749e-12,1.115525e-12,4.541652e-13,1.606222e-13,6.970159e-14,2.700734e-14,9.921929e-15,3.850588e-15,1.464450e-15,5.360256e-16,2.104721e-16
3000,1187,500400,4901350,1448.38,34.39,44.2108,-119.396,4.747509e-09,2.357459e-09,1.065877e-09,4.925373e-10,2.192974e-10,9.873739e-11,3.983475e-11,1.735653e-11,7.170408e-12,2.816014e-12,1.155946e-12,4.380145e-13,1.715042e-13,6.498328e-14,2.659623e-14,9.666892e-15,3.820896e-15,1.435386e-15,5.287374e-16,2.031080e-16
3000,1188,500400,4901400,1452.77,35.2,44.2112,-119.396,4.300422e-09,2.242345e-09,1.056228e-09,5.435302e-10,2.213105e-10,9.399767e-11,4.224536e-11,1.604282e-11,6.967435e-12,2.969155e-12,1.110816e-12,4.168189e-13,1.698048e-13,6.961085e-14,2.602071e-14,9.621262e-15,3.695821e-15,1.411887e-15,5.511126e-16,2.149389e-16
3000,1189,500400,4901450,1452.1,35.46,44.2116,-119.396,4.202394e-09,2.109416e-09,1.067379e-09,4.686869e-10,2.164099e-10,9.537926e-11,3.894020e-11,1.638972e-11,6.903850e-12,2.835555e-12,1.147410e-12,4.467890e-13,1.719389e-13,6.511743e-14,2.487544e-14,9.709242e-15,3.816831e-15,1.449569e-15,5.105861e-16,2.016826e-16
3000,1190,500400,4901500,1452.41,35.08,44.212,-119.396,4.264678e-09,2.388053e-09,1.063416e-09,4.995658e-10,2.225891e-10,9.422248e-11,3.970127e-11,1.808690e-11,7.165270e-12,2.873413e-12,1.134892e-12,4.267341e-13,1.785312e-13,6.504310e-14,2.595894e-14,9.387174e-15,3.543280e-15,1.450022e-15,5.320656e-16,1.943404e-16
3000,1191,500400,4901550,1451.08,37.12,44.2124,-119.396,1.970876e-09,1.293018e-09,9.245832e-10,6.759404e-10,4.766005e-10,3.127206e-10,2.114093e-10,1.379675e-10,8.648776e-11,5.119286e-11,3.036767e-11,1.819897e-11,9.625429e-12,4.512299e-12,2.001907e-12,7.205105e-13,2.642344e-13,8.063912e-14,2.543487e-14,6.155227e-15
3000,1192,500400,4901600,1448.62,35.42,44.2128,-119.396,2.114996e-09,1.522508e-09,9.977004e-10,7.427288e-10,5.221421e-10,3.515561e-10,2.223778e-10,1.536670e-10,9.455030e-11,5.572726e-11,3.243956e-11,1.847950e-11,9.661686e-12,4.694175e-12,1.959925e-12,7.264483e-13,2.483032e-13,7.858346e-14,2.354553e-14,6.424322e-15
3000,1193,500400,4901650,1450.43,35.5,44.2132,-119.396,2.038638e-09,1.492804e-09,1.004151e-09,7.097307e-10,5.091156e-10,3.236574e-10,2.224787e-10,1.511027e-10,8.607979e-11,5.636720e-11,3.359156e-11,1.809896e-11,9.745277e-12,4.750525e-12,1.927472e-12,7.638233e-13,2.509499e-13,7.918406e-14,2.281563e-14,6.492873e-15
3000,1194,500400,4901700,1452.32,34.82,44.2136,-119.396,2.083525e-09,1.441838e-09,1.066488e-09,7.891681e-10,5.272437e-10,3.508871e-10,2.411107e-10,1.503737e-10,9.241111e-11,5.437582e-11,3.428379e-11,1.725518e-11,1.006447e-11,4.597781e-12,1.953383e-12,7.894853e-13,2.524174e-13,7.912386e-14,2.337886e-14,6.525854e-15
3000,1195,500400,4901750,1449.12,33.43,44.214,-119.396,2.296241e-09,1.682964e-09,1.146643e-09,8.205756e-10,5.579607e-10,3.741383e-10,2.650222e-10,1.604693e-10,9.776156e-11,6.096253e-11,3.373097e-11,1.911147e-11,1.018002e-11,4.799036e-12,2.040232e-12,8.133932e-13,2.643051e-13,7.582842e-14,2.389264e-14,6.491435e-15
3000,1196,500400,4901800,1450.09,35.25,44.2144,-119.396,2.113242e-09,1.453102e-09,1.048851e-09,7.193262e-10,4.954883e-10,3.793608e-10,2.262258e-10,1.492130e-10,8.781583e-11,5.534588e-11,3.154879e-11,1.821684e-11,1.003762e-11,4.690034e-12,1.998115e-12,7.076762e-13,2.710484e-13,7.764272e-14,2.449044e-14,6.632158e-15
3000,1197,500400,4901850,1451.15,34.15,44.2148,-119.396,2.269549e-09,1.531803e-09,1.098855e-09,7.721166e-10,5.081423e-10,3.804373e-10,2.432410e-10,1.540514e-10,9.460841e-11,5.809747e-11,3.277188e-11,1.777378e-11,1.012339e-11,4.803899e-12,1.988950e-12,7.322002e-13,2.604897e-13,7.764321e-14,2.283939e-14,6.319316e-15
3000,1198,500400,4901900,1451.69,34.64,44.2152,-119.396,2.162795e-09,1.596488e-09,1.077600e-09,7.639529e-10,5.209091e-10,3.522582e-10,2.223747e-10,1.572739e-10,9.551643e-11,5.610436e-11,3.297845e-11,1.920209e-11,9.417267e-12,4.598989e-12,1.916682e-12,7.933606e-13,2.652613e-13,7.555132e-14,2.243065e-14,6.425658e-15
3000,1199,500400,4901950,1449.06,33.68,44.2156,-119.396,2.449794e-09,1.606482e-09,1.140007e-09,7.793318e-10,5.651808e-10,3.714811e-10,2.465281e-10,1.621076e-10,9.306243e-11,6.115042e-11,3.431781e-11,2.002933e-11,9.775270e-12,4.637294e-12,1.944125e-12,7.680588e-13,2.613789e-13,8.032878e-14,2.290150e-14,6.229780e-15
3000,1200,500400,4902000,1449.9,34.53,44.216,-119.396,2.160092e-09,1.587470e-09,1.069899e-09,7.895161e-10,5.211386e-10,3.631742e-10,2.387427e-10,1.457044e-10,9.869564e-11,5.639039e-11,3.396989e-11,1.841698e-11,9.853521e-12,4.569468e-12,2.061335e-12,7.613667e-13,2.615848e-13,8.425854e-14,2.432692e-14,6.602183e-15
3000,1201,500400,4902050,1447.16,34.3,44.2164,-119.396,2.164937e-09,1.568779e-09,1.090687e-09,7.370957e-10,5.323569e-10,3.479374e-10,2.410884e-10,1.472230e-10,9.694307e-11,5.769455e-11,3.536402e-11,1.943449e-11,9.825455e-12,4.826419e-12,1.910651e-12,7.344759e-13,2.618566e-13,7.583535e-14,2.351220e-14,6.261741e-15
3000,1202,500400,4902100,1450.2,33.92,44.2168,-119.396,2.315905e-09,1.573427e-09,1.157520e-09,7.869970e-10,5.345611e-10,3.691313e-10,2.362941e-10,1.596714e-10,9.874791e-11,6.220508e-11,3.326955e-11,1.902138e-11,9.877439e-12,4.779985e-12,2.030612e-12,7.591037e-13,2.688129e-13,7.983191e-14,2.429083e-14,6.574906e-15
3000,1203,500400,4902150,1449.98,34.69,44.2172,-119.396,2.337786e-09,1.462372e-09,1.069621e-09,7.350896e-10,5.519757e-10,3.663292e-10,2.320158e-10,1.544849e-10,9.458501e-11,5.532514e-11,3.375480e-11,1.895128e-11,9.917321e-12,4.666358e-12,2.006642e-12,7.575090e-13,2.586650e-13,7.927990e-14,2.467751e-14,6.245338e-15
3000,1204,500400,4902200,1450.86,34.68,44.2176,-119.396,2.294173e-09,1.458483e-09,1.036761e-09,7.301353e-10,5.289945e-10,3.421371e-10,2.334355e-10,1.423210e-10,9.453636e-11,5.535280e-11,3.153076e-11,1.934259e-11,9.467004e-12,4.783939e-12,1.939361e-12,7.884792e-13,2.640135e-13,7.838984e-14,2.283810e-14,6.565691e-15
3000,1205,500400,4902250,1449.48,34.83,44.218,-119.396,2.248811e-09,1.456771e-09,1.056898e-09,7.692134e-10,5.337374e-10,3.533077e-10,2.336503e-10,1.435610e-10,9.051001e-11,5.652033e-11,3.275785e-11,1.871999e-11,1.013565e-11,4.496567e-12,1.963716e-12,7.555938e-13,2.524945e-13,8.424046e-14,2.411043e-14,6.501930e-15
3000,1206,500400,4902300,1453.59,33.5,44.2184,-119.396,2.342574e-09,1.628594e-09,1.106129e-09,8.122606e-10,5.407243e-10,3.875701e-10,2.590571e-10,1.619585e-10,9.318132e-11,5.709290e-11,3.494411e-11,1.941394e-11,9.331119e-12,4.967662e-12,2.029369e-12,7.455722e-13,2.691999e-13,7.993193e-14,2.315896e-14,6.551004e-15
3000,1207,500400,4902350,1453.56,36.62,44.2188,-119.396,1.968754e-09,1.359761e-09,9.733390e-10,6.511444e-10,4.825130e-10,3.168580e-10,2.183082e-10,1.388275e-10,8.812429e-11,5.254086e-11,2.812760e-11,1.782401e-11,9.584004e-12,4.554223e-12,1.913619e-12,7.699061e-13,2.556171e-13,8.070056e-14,2.395652e-14,6.466648e-15
3000,1208,500400,4902400,1448.2,32.56,44.2192,-119.396,2.440853e-09,1.740428e-09,1.187131e-09,8.681718e-10,5.904018e-10,4.134295e-10,2.601497e-10,1.697534e-10,1.040228e-10,6.358710e-11,3.361100e-11,1.964835e-11,1.064647e-11,5.105329e-12,2.066542e-12,7.667302e-13,2.698138e-13,8.430419e-14,2.351416e-14,6.570512e-15
3000,1209,500400,4902450,1452.36,36.89,44.2196,-119.396,1.956696e-09,1.319891e-09,9.332807e-10,6.767646e-10,4.643287e-10,3.209695e-10,2.064289e-10,1.433109e-10,8.283315e-11,5.110719e-11,3.076871e-11,1.862619e-11,9.215620e-12,4.377478e-12,1.878465e-12,7.672489e-13,2.311776e-13,7.707968e-14,2.508866e-14,6.502233e-15
3000,1210,500400,4902500,1447.79,34.96,44.22,-119.396,4.482512e-09,2.295715e-09,1.126743e-09,5.010233e-10,2.169033e-10,9.771746e-11,3.980365e-11,1.650058e-11,6.596398e-12,2.675203e-12,1.086481e-12,4.247162e-13,1.736536e-13,6.435943e-14,2.332147e-14,9.566542e-15,3.721903e-15,1.410521e-15,5.702611e-16,2.028996e-16
3000,1211,500400,4902550,1451.76,34.98,44.2204,-119.396,4.467782e-09,2.182774e-09,1.065933e-09,4.838830e-10,2.215981e-10,9.478674e-11,3.950316e-11,1.753518e-11,7.053259e-12,2.769271e-12,1.121381e-12,4.391655e-13,1.675592e-13,6.690285e-14,2.527022e-14,9.595867e-15,3.591551e-15,1.421159e-15,5.546754e-16,2.023966e-16
3000,1212,500400,4902600,1455.04,35.89,44.2208,-119.396,4.470423e-09,2.215681e-09,1.094659e-09,4.715980e-10,1.992577e-10,9.251264e-11,4.071780e-11,1.689112e-11,6.948002e-12,2.892745e-12,1.121109e-12,4.481107e-13,1.663542e-13,6.430145e-14,2.690483e-14,9.877828e-15,3.696137e-15,1.407118e-15,5.339230e-16,2.020383e-16
3000,1213,500400,4902650,1447.43,33.5,44.2212,-119.396,4.749643e-09,2.328403e-09,1.158852e-09,5.210330e-10,2.302802e-10,9.617746e-11,4.154174e-11,1.758024e-11,7.240111e-12,2.840408e-12,1.166755e-12,4.448387e-13,1.776040e-13,6.623566e-14,2.448882e-14,1.000227e-14,3.872522e-15,1.466121e-15,5.537840e-16,2.049993e-16
3000,1214,500400,4902700,1448.39,35.55,44.2216,-119.396,4.414079e-09,2.151832e-09,1.082016e-09,4.741445e-10,2.135656e-10,9.895974e-11,4.129745e-11,1.670424e-11,6.974915e-12,2.803587e-12,1.019579e-12,4.265787e-13,1.712030e-13,6.586567e-14,2.588185e-14,1.019129e-14,3.733125e-15,1.389244e-15,5.501268e-16,2.044969e-16
3000,1215,500400,4902750,1449.69,34.71,44.222,-119.396,4.837217e-09,2.112287e-09,1.065761e-09,4.993595e-10,2.168410e-10,9.862907e-11,4.185730e-11,1.707593e-11,6.931877e-12,2.805776e-12,1.115706e-12,4.401231e-13,1.713521e-13,6.736005e-14,2.636181e-14,9.520280e-15,3.659190e-15,1.362132e-15,5.598734e-16,2.083493e-16
3000,1216,500400,4902800,1451.01,33.57,44.2224,-119.396,5.011270e-09,2.318375e-09,1.123556e-09,5.282440e-10,2.211702e-10,9.656443e-11,4.184671e-11,1.885618e-11,7.143449e-12,2.982782e-12,1.170096e-12,4.493398e-13,1.682360e-13,6.932887e-14,2.472375e-14,1.039566e-14,3.811804e-15,1.326371e-15,5.411749e-16,2.111986e-16
3000,1217,500400,4902850,1449.53,35.72,44.2228,-119.396,4.228818e-09,2.094993e-09,1.041531e-09,4.861523e-10,2.145923e-10,9.760751e-11,3.915649e-11,1.702034e-11,6.921288e-12,2.657710e-12,1.066268e-12,4.383660e-13,1.815549e-13,6.770385e-14,2.435214e-14,8.934649e-15,3.851385e-15,1.430322e-15,5.633706e-16,2.010341e-16
3000,1218,500400,4902900,1450.7,35.85,44.2232,-119.396,4.262731e-09,2.144452e-09,1.041174e-09,4.922301e-10,2.162551e-10,9.669959e-11,3.955829e-11,1.616725e-11,7.308304e-12,2.734674e-12,1.090385e-12,4.370511e-13,1.716195e-13,6.574521e-14,2.565849e-14,9.839352e-15,3.787294e-15,1.332725e-15,5.753548e-16,2.055471e-16
3000,1219,500400,4902950,1451.16,33.62,44.2236,-119.396,4.689353e-09,2.313879e-09,1.167205e-09,5.059911e-10,2.331021e-10,9.625785e-11,4.105779e-11,1.723944e-11,7.352163e-12,2.684312e-12,1.084680e-12,4.184698e-13,1.677247e-13,6.555663e-14,2.463337e-14,9.700813e-15,3.560052e-15,1.396929e-15,5.664505e-16,2.096428e-16
3000,1220,500400,4903000,1450.37,34.0,44.224,-119.396,4.458176e-09,2.246196e-09,1.101891e-09,5.225584e-10,2.318733e-10,9.923247e-11,4.042895e-11,1.728246e-11,6.978364e-12,2.817434e-12,1.194382e-12,4.198101e-13,1.717780e-13,6.950729e-14,2.471119e-14,9.715515e-15,3.725067e-15,1.430054e-15,5.202110e-16,2.107085e-16
3000,1221,500400,4903050,1451.33,35.51,44.2244,-119.396,4.262967e-09,2.202639e-09,1.022225e-09,4.835276e-10,2.319606e-10,9.478819e-11,3.887981e-11,1.700079e-11,6.642628e-12,2.692872e-12,1.077266e-12,4.329489e-13,1.763822e-13,6.776431e-14,2.610439e-14,9.535291e-15,3.709231e-15,1.446787e-15,5.346427e-16,2.048262e-16
3000,1222,500400,4903100,1450.88,34.65,44.2248,-119.396,4.563128e-09,2.372712e-09,1.072764e-09,5.170841e-10,2.257706e-10,9.180932e-11,3.950939e-11,1.667279e-11,6.809403e-12,2.807606e-12,1.139862e-12,4.577721e-13,1.739172e-13,6.595987e-14,2.416893e-14,9.906052e-15,3.781202e-15,1.445428e-15,5.801705e-16,2.144929e-16
3000,1223,500400,4903150,1451.57,34.04,44.2252,-119.396,4.601620e-09,2.319058e-09,1.077656e-09,5.169402e-10,2.281790e-10,9.421030e-11,4.282818e-11,1.732275e-11,6.680786e-12,2.830177e-12,1.135089e-12,4.561752e-13,1.712445e-13,6.873504e-14,2.599302e-14,9.515999e-15,3.624443e-15,1.488183e-15,5.659740e-16,2.090170e-16
3000,1224,500400,4903200,1452.99,36.06,44.2256,-119.396,4.352545e-09,2.089110e-09,1.083832e-09,4.880568e-10,2.123380e-10,9.152320e-11,4.022094e-11,1.592702e-11,7.019253e-12,2.697625e-12,1.118917e-12,4.301966e-13,1.696329e-13,6.491697e-14,2.551869e-14,1.039970e-14,3.921037e-15,1.448476e-15,5.439206e-16,2.115942e-16
3000,1225,500400,4903250,1452.26,34.17,44.226,-119.396,4.621923e-09,2.181848e-09,1.133041e-09,5.378226e-10,2.252320e-10,9.081719e-11,4.195765e-11,1.675409e-11,6.889864e-12,2.882187e-12,1.132351e-12,4.361627e-13,1.694360e-13,6.726049e-14,2.551100e-14,9.571163e-15,3.745435e-15,1.453742e-15,5.432576e-16,1.981743e-16
3000,1226,500400,4903300,1451.98,32.26,44.2264,-119.396,4.971335e-09,2.436405e-09,1.172137e-09,5.432662e-10,2.430461e-10,9.861776e-11,4.329456e-11,1.779311e-11,6.819563e-12,3.046417e-12,1.091977e-12,4.539801e-13,1.766837e-13,6.815474e-14,2.562944e-14,1.020702e-14,3.623903e-15,1.442112e-15,5.387602e-16,2.033202e-16
3000,1227,500400,4903350,1450.86,36.08,44.2268,-119.396,4.221153e-09,2.198134e-09,1.031852e-09,4.674646e-10,2.131622e-10,9.255649e-11,3.907929e-11,1.698315e-11,6.923341e-12,2.644548e-12,1.051786e-12,4.426036e-13,1.668072e-13,6.702720e-14,2.624348e-14,9.466595e-15,3.605194e-15,1.505230e-15,5.500748e-16,2.037722e-16
3000,1228,500400,4903400,1448.13,34.49,44.2272,-119.396,4.408888e-09,2.342261e-09,1.060104e-09,5.186896e-10,2.204177e-10,9.340298e-11,4.047350e-11,1.579858e-11,6.979666e-12,2.806337e-12,1.148777e-12,4.167548e-13,1.785289e-13,6.856252e-14,2.676791e-14,9.875674e-15,3.895223e-15,1.374679e-15,5.575614e-16,2.020722e-16
3000,1229,500400,4903450,1446.7,33.88,44.2276,-119.396,4.694915e-09,2.276841e-09,1.119437e-09,4.830185e-10,2.118579e-10,1.016029e-10,4.253624e-11,1.674969e-11,7.053941e-12,2.924094e-12,1.140673e-12,4.455100e-13,1.787790e-13,6.562908e-14,2.588190e-14,9.904642e-15,3.755142e-15,1.423168e-15,5.476625e-16,2.072561e-16
3000,1230,500400,4903500,1447.9,35.8,44.228,-119.396,4.194171e-09,2.157997e-09,1.031169e-09,4.895482e-10,2.025942e-10,9.646540e-11,3.929948e-11,1.745455e-11,6.800155e-12,2.781114e-12,1.172991e-12,4.342721e-13,1.776398e-13,6.659475e-14,2.599185e-14,9.871778e-15,3.863364e-15,1.404660e-15,5.285456e-16,2.025041e-16
3000,1231,500400,4903550,1450.2,34.78,44.2284,-119.396,4.608801e-09,2.344231e-09,1.043342e-09,4.870564e-10,2.119747e-10,1.016831e-10,4.116473e-11,1.732220e-11,6.699777e-12,2.812386e-12,1.135403e-12,4.375212e-13,1.777863e-13,7.145753e-14,2.503735e-14,9.579011e-15,3.677836e-15,1.506485e-15,5.626538e-16,2.059250e-16
3000,1232,500400,4903600,1450.07,34.18,44.2288,-119.396,4.756382e-09,2.281696e-09,1.087557e-09,5.156974e-10,2.234249e-10,9.631728e-11,4.121804e-11,1.763208e-11,7.376993e-12,2.878700e-12,1.150851e-12,4.399905e-13,1.691343e-13,6.832219e-14,2.596096e-14,9.478080e-15,3.745945e-15,1.435502e-15,5.378119e-16,2.161494e-16
3000,1233,500400,4903650,1450.96,36.37,44.2292,-119.396,4.243542e-09,2.128954e-09,9.916901e-10,4.765224e-10,2.133973e-10,8.903315e-11,3.907112e-11,1.653535e-11,6.935850e-12,2.807294e-12,1.084681e-12,4.422926e-13,1.697724e-13,6.062333e-14,2.524112e-14,1.015089e-14,3.571897e-15,1.437157e-15,5.699174e-16,2.015692e-16
3000,1234,500400,4903700,1450.0,33.7,44.2296,-119.396,4.966824e-09,2.346608e-09,1.115804e-09,5.344652e-10,2.318893e-10,9.540317e-11,4.074607e-11,1.760042e-11,6.938778e-12,2.662295e-12,1.126533e-12,4.244121e-13,1.816872e-13,6.751794e-14,2.517466e-14,9.708335e-15,3.573371e-15,1.393108e-15,5.633303e-16,2.209704e-16
3000,1235,500400,4903750,1451.45,34.91,44.23,-119.396,4.434777e-09,2.182899e-09,1.137504e-09,4.938218e-10,2.350221e-10,9.965284e-11,3.859678e-11,1.671173e-11,6.832310e-12,2.803012e-12,1.115391e-12,4.801697e-13,1.665698e-13,6.725113e-14,2.623616e-14,9.878457e-15,3.788807e-15,1.391883e-15,5.472384e-16,2.099067e-16
3000,1236,500400,4903800,1450.66,35.57,44.2304,-119.396,4.543019e-09,2.250182e-09,1.049403e-09,4.699234e-10,2.134581e-10,9.370735e-11,4.055336e-11,1.664329e-11,6.721169e-12,2.691153e-12,1.056060e-12,4.354127e-13,1.639047e-13,6.457955e-14,2.538780e-14,9.462221e-15,3.812430e-15,1.466631e-15,5.358371e-16,2.038129e-16
3000,1237,500400,4903850,1451.07,34.29,44.2308,-119.396,4.504107e-09,2.381754e-09,1.121504e-09,5.141459e-10,2.303844e-10,9.106479e-11,4.280652e-11,1.739921e-11,7.234427e-12,2.859074e-12,1.124506e-12,4.386937e-13,1.746098e-13,6.635034e-14,2.649069e-14,9.426464e-15,3.720749e-15,1.527033e-15,5.358219e-16,2.054376e-16
3000,1238,500400,4903900,1448.23,35.34,44.2312,-119.396,4.317913e-09,2.201276e-09,1.084358e-09,4.808316e-10,2.240949e-10,9.723485e-11,4.173161e-11,1.702835e-11,7.614434e-12,2.887344e-12,1.124655e-12,4.278409e-13,1.712504e-13,6.952251e-14,2.703977e-14,1.030413e-14,3.861276e-15,1.381609e-15,5.530745e-16,1.989177e-16
3000,1239,500400,4903950,1447.03,35.24,44.2316,-119.396,4.504287e-09,2.282211e-09,1.076701e-09,5.003511e-10,2.129516e-10,9.478396e-11,3.868719e-11,1.596013e-11,7.102150e-12,2.738235e-12,1.143879e-12,4.543016e-13,1.686531e-13,6.788157e-14,2.522006e-14,9.323094e-15,3.787350e-15,1.415714e-15,5.380066e-16,2.188887e-16
